Symbol;reqID;Name;Industry;Sector
A;1;Agilent Technologies Inc;Diagnostics & Research;Healthcare
AA;2;Alcoa Corp;Aluminum;Basic Materials
AAL;3;American Airlines Group Inc;Airlines;Industrials
AAP;4;Advance Auto Parts Inc;Specialty Retail;Consumer Cyclical
AAPL;5;Apple Inc;Consumer Electronics;Technology
ABB;6;ABB Ltd ADR;Electrical Equipment & Parts;Industrials
ABBV;7;AbbVie Inc;Drug Manufacturers - General;Healthcare
ABC;8;AmerisourceBergen Corp;Medical Distribution;Healthcare
ABEV;9;Ambev S.A. ADR;Beverages - Brewers;Consumer Defensive
ABMD;10;Abiomed Inc;Medical Devices;Healthcare
ABNB;11;Airbnb Inc Cl A;Travel Services;Consumer Cyclical
ABT;12;Abbott Laboratories;Medical Devices;Healthcare
ACGL;13;Arch Capital Group Ltd;Insurance - Diversified;Financial Services
ACGLN;14;Arch Capital Group Ltd Dep. Pfd (Rep. 1/1000th 4.550 Pfd Series G);Insurance - Diversified;Financial Services
ACHC;15;Acadia Healthcare Co Inc;Medical Care Facilities;Healthcare
ACI;16;Albertsons Cos. Inc;Grocery Stores;Consumer Defensive
ACM;17;AECOM;Engineering & Construction;Industrials
ACN;18;Accenture Plc Cl A;Information Technology Services;Technology
ADBE;19;Adobe Inc;Software - Infrastructure;Technology
ADC;20;Agree Realty Corp;REIT - Retail;Real Estate
ADI;21;Analog Devices Inc;Semiconductors;Technology
ADM;22;Archer Daniels Midland Co;Farm Products;Consumer Defensive
ADP;23;Automatic Data Processing Inc;Staffing & Employment Services;Industrials
ADSK;24;Autodesk Inc;Software - Application;Technology
ADT;25;ADT Inc;Security & Protection Services;Industrials
AEE;26;Ameren Corp;Utilities - Regulated Electric;Utilities
AEG;27;Aegon N.V. ADR;Insurance - Diversified;Financial Services
AEM;28;Agnico Eagle Mines Ltd;Gold;Basic Materials
AEP;29;American Electric Power Co Inc;Utilities - Regulated Electric;Utilities
AER;30;AerCap Holdings N.V.;Rental & Leasing Services;Industrials
AES;31;AES Corp;Utilities - Diversified;Utilities
AFG;32;American Financial Group Inc;Insurance - Property & Casualty;Financial Services
AFL;33;AFLAC Inc;Insurance - Life;Financial Services
AFRM;34;Affirm Holdings Inc Cl A;Software - Infrastructure;Technology
AGCO;35;AGCO Corp;Farm & Heavy Construction Machinery;Industrials
AGL;36;agilon health inc.;Medical Care Facilities;Healthcare
AGNCN;37;AGNC Investment Corp Dep. Pfd (Rep. 1/1000th Pfd Series C);REIT - Mortgage;Real Estate
AGR;38;Avangrid Inc;Utilities - Regulated Electric;Utilities
AIG;39;American International Group Inc;Insurance - Diversified;Financial Services
AIG-PA;40;American International Group Inc;Insurance - Diversified;Financial Services
AIRC;41;Apartment Income REIT Corp;REIT - Residential;Real Estate
AIZ;42;Assurant Inc;Insurance - Specialty;Financial Services
AJG;43;Arthur J. Gallagher & Co;Insurance Brokers;Financial Services
AKAM;44;Akamai Technologies Inc;Software - Infrastructure;Technology
ALB;45;Albemarle Corp;Specialty Chemicals;Basic Materials
ALC;46;Alcon Inc;Medical Instruments & Supplies;Healthcare
ALGN;47;Align Technology Inc;Medical Devices;Healthcare
ALK;48;Alaska Air Group Inc;Airlines;Industrials
ALL;49;Allstate Corp;Insurance - Property & Casualty;Financial Services
ALLE;50;Allegion Plc;Security & Protection Services;Industrials
ALL-PB;51;The Allstate Corp;;
ALLY;52;Ally Financial Inc;Credit Services;Financial Services
ALNY;53;Alnylam Pharmaceuticals Inc;Biotechnology;Healthcare
ALV;54;Autoliv Inc;Auto Parts;Consumer Cyclical
AM;55;Antero Midstream Corp;Oil & Gas Midstream;Energy
AMAT;56;Applied Materials Inc;Semiconductor Equipment & Materials;Technology
AMCR;57;Amcor Plc;Packaging & Containers;Consumer Cyclical
AMD;58;Advanced Micro Devices Inc;Semiconductors;Technology
AME;59;Ametek Inc;Specialty Industrial Machinery;Industrials
AMGN;60;Amgen Inc;Drug Manufacturers - General;Healthcare
AMH;61;American Homes 4 Rent Cl A;REIT - Residential;Real Estate
AMH-PG;62;American Homes 4 Rent;REIT - Residential;Real Estate
AMKR;63;Amkor Technology Inc;Semiconductors;Technology
AMN;64;AMN Healthcare Services Inc;Medical Care Facilities;Healthcare
AMOV;65;America Movil S.A.B. de C.V. ADR;Telecom Services;Communication Services
AMT;66;American Tower REIT;REIT - Specialty;Real Estate
AMX;67;America Movil S.A.B. de C.V. ADR Series L;Telecom Services;Communication Services
AMZN;68;Amazon.com Inc;Internet Retail;Consumer Cyclical
AN;69;AutoNation Inc;Auto & Truck Dealerships;Consumer Cyclical
ANET;70;Arista Networks Inc;Computer Hardware;Technology
ANSS;71;Ansys Inc;Software - Application;Technology
AON;72;Aon Plc;Insurance Brokers;Financial Services
AOS;73;A.O. Smith Corp;Specialty Industrial Machinery;Industrials
APA;74;APA Corp;Oil & Gas E&P;Energy
APD;75;Air Products & Chemicals Inc;Specialty Chemicals;Basic Materials
APH;76;Amphenol Corp Cl A;Electronic Components;Technology
APLS;77;Apellis Pharmaceuticals Inc;Biotechnology;Healthcare
APP;78;Applovin Corp Cl A;Software - Application;Technology
APTV;79;Aptiv Plc;Auto Parts;Consumer Cyclical
AQN;80;Algonquin Power & Utilities Corp;Utilities - Renewable;Utilities
AR;81;Antero Resources Corp;Oil & Gas E&P;Energy
ARE;82;Alexandria Real Estate Equities Inc;REIT - Office;Real Estate
ARGX;83;arGEN-X SE ADR;Biotechnology;Healthcare
ARMK;84;Aramark;Specialty Business Services;Industrials
ARW;85;Arrow Electronics Inc;Electronics & Computer Distribution;Technology
ASH;86;Ashland Inc;Specialty Chemicals;Basic Materials
ASML;87;ASML Holding N.V.;Semiconductor Equipment & Materials;Technology
ASND;88;Ascendis Pharma A/S ADR;Biotechnology;Healthcare
ASR;89;Grupo Aeroportuario del Sureste S.A.B. de C.V. ADR;Airports & Air Services;Industrials
ASX;90;ASE Technology Holding Co Ltd ADR;Semiconductors;Technology
ATH-PA;91;Athene Holding Ltd;Insurance - Diversified;Financial Services
ATO;92;Atmos Energy Corp;Utilities - Regulated Gas;Utilities
ATR;93;Aptargroup Inc;Medical Instruments & Supplies;Healthcare
ATVI;94;Activision Blizzard Inc;Electronic Gaming & Multimedia;Communication Services
AU;95;AngloGold Ashanti Ltd ADR;Gold;Basic Materials
AVB;96;Avalonbay Communities Inc;REIT - Residential;Real Estate
AVGO;97;Broadcom Inc;Semiconductors;Technology
AVTR;98;Avantor Inc;Specialty Chemicals;Basic Materials
AVY;99;Avery Dennison Corp;Business Equipment & Supplies;Industrials
AWK;100;American Water Works Co;Utilities - Regulated Water;Utilities
AXON;101;Axon Enterprise Inc;Aerospace & Defense;Industrials
AXP;102;American Express Co;Credit Services;Financial Services
AXTA;103;Axalta Coating Systems Ltd;Specialty Chemicals;Basic Materials
AYI;104;Acuity Brands Inc;Electrical Equipment & Parts;Industrials
AZN;105;AstraZeneca Plc ADR;Drug Manufacturers - General;Healthcare
AZO;106;AutoZone Inc;Specialty Retail;Consumer Cyclical
AZPN;107;Aspen Technology Inc (New);Software - Application;Technology
BA;108;Boeing Co;Aerospace & Defense;Industrials
BABA;109;Alibaba Group Holding Ltd ADR;Internet Retail;Consumer Cyclical
BAC;110;Bank of America Corp;Banks - Diversified;Financial Services
BAC-PB;111;Bank of America Corp;Banks - Diversified;Financial Services
BAH;112;Booz Allen Hamilton Holding Corp;Consulting Services;Industrials
BALL;113;Ball Corp;Packaging & Containers;Consumer Cyclical
BAP;114;Credicorp Ltd;Banks - Regional;Financial Services
BATRA;115;Liberty Media Corp Series A Liberty Braves;Entertainment;Communication Services
BATRK;116;Liberty Media Corp Series C Liberty Braves;Entertainment;Communication Services
BAX;117;Baxter International Inc;Medical Instruments & Supplies;Healthcare
BBBY;118;Bed Bath & Beyond Inc;Specialty Retail;Consumer Cyclical
BBD;119;Banco Bradesco S/A Pref ADR;Banks - Regional;Financial Services
BBDO;120;Banco Bradesco S/A Ord ADR;Banks - Regional;Financial Services
BBVA;121;Banco Bilbao Vizcaya Argentaria S.A. ADR;Banks - Diversified;Financial Services
BBWI;122;Bath & Body Works Inc;Specialty Retail;Consumer Cyclical
BBY;123;Best Buy Co Inc;Specialty Retail;Consumer Cyclical
BC;124;Brunswick Corp;Recreational Vehicles;Consumer Cyclical
BCE;125;BCE Inc;Telecom Services;Communication Services
BCH;126;Banco de Chile ADR;Banks - Regional;Financial Services
BCS;127;Barclays Plc ADR;Banks - Diversified;Financial Services
BDX;128;Becton Dickinson & Co;Medical Instruments & Supplies;Healthcare
BEKE;129;KE Holdings Inc ADR;Real Estate Services;Real Estate
BEP;130;Brookfield Renewable Partners LP;Utilities - Renewable;Utilities
BEPC;131;Brookfield Renewable Corp;Utilities - Renewable;Utilities
BERY;132;Berry Global Group Inc;Packaging & Containers;Consumer Cyclical
BF-A;133;Brown-Forman Corp;Beverages - Wineries & Distilleries;Consumer Defensive
BF-B;134;Brown-Forman Corp;Beverages - Wineries & Distilleries;Consumer Defensive
BG;135;Bunge Ltd;Farm Products;Consumer Defensive
BGNE;136;BeiGene Ltd ADR;Biotechnology;Healthcare
BHP;137;BHP Group Ltd ADR;Other Industrial Metals & Mining;Basic Materials
BIDU;138;Baidu Inc ADR;Internet Content & Information;Communication Services
BIIB;139;Biogen Inc;Drug Manufacturers - General;Healthcare
BILL;140;Bill.com Holdings Inc;Software - Application;Technology
BIO;141;Bio-Rad Laboratories Inc Cl A;Medical Devices;Healthcare
BIO-B;142;Bio-Rad Laboratories Inc;Medical Devices;Healthcare
BIP;143;Brookfield Infrastructure Partners LP;Utilities - Diversified;Utilities
BJ;144;BJ`s Wholesale Club Holdings Inc;Discount Stores;Consumer Defensive
BKI;145;Black Knight Inc;Software - Application;Technology
BKNG;146;Booking Holdings Inc;Travel Services;Consumer Cyclical
BKR;147;Baker Hughes Co;Oil & Gas Equipment & Services;Energy
BLCO;148;Bausch + Lomb Corp;Medical Instruments & Supplies;Healthcare
BLD;149;TopBuild Corp;Engineering & Construction;Industrials
BLDR;150;Builders FirstSource Inc;Building Products & Equipment;Industrials
BML-PG;151;Bank of America Corp;Banks - Diversified;Financial Services
BMO;152;Bank of Montreal;Banks - Diversified;Financial Services
BMRN;153;BioMarin Pharmaceutical Inc;Biotechnology;Healthcare
BMY;154;Bristol Myers Squibb Co;Drug Manufacturers - General;Healthcare
BNS;155;Bank of Nova Scotia;Banks - Diversified;Financial Services
BNTX;156;BioNTech SE ADR;Biotechnology;Healthcare
BOKF;157;BOK Financial Corp;Banks - Regional;Financial Services
BP;158;BP Plc ADR;Oil & Gas Integrated;Energy
BPOP;159;Popular Inc;Banks - Regional;Financial Services
BPYPP;160;Brookfield Property Partners LP 6.5 Cum. Redeem. Pfd Un;Real Estate Services;Real Estate
BR;161;Broadridge Financial Solutions Inc;Information Technology Services;Technology
BRK-A;162;Berkshire Hathaway Inc;Insurance - Diversified;Financial Services
BRKR;163;Bruker Corp;Medical Devices;Healthcare
BRO;164;Brown & Brown Inc;Insurance Brokers;Financial Services
BROS;165;Dutch Bros Inc;Restaurants;Consumer Cyclical
BRX;166;Brixmor Property Group Inc;REIT - Retail;Real Estate
BSAC;167;Banco Santander-Chile ADR;Banks - Regional;Financial Services
BSX;168;Boston Scientific Corp;Medical Devices;Healthcare
BSY;169;Bentley Systems Inc;Software - Application;Technology
BTI;170;British American Tobacco Plc ADR;Tobacco;Consumer Defensive
BUD;171;Anheuser-Busch InBev S.A. ADR;Beverages - Brewers;Consumer Defensive
BURL;172;Burlington Stores Inc;Apparel Retail;Consumer Cyclical
BWA;173;BorgWarner Inc;Auto Parts;Consumer Cyclical
BWXT;174;BWX Technologies Inc;Aerospace & Defense;Industrials
BXP;175;Boston Properties Inc;REIT - Office;Real Estate
BYD;176;Boyd Gaming Corp;Resorts & Casinos;Consumer Cyclical
C;177;Citigroup Inc;Banks - Diversified;Financial Services
CABO;178;Cable One Inc;Telecom Services;Communication Services
CACC;179;Credit Acceptance Corp;Credit Services;Financial Services
CACI;180;CACI International Inc Cl A;Information Technology Services;Technology
CADE;181;Cadence Bank;Banks - Regional;Financial Services
CAE;182;CAE Inc;Aerospace & Defense;Industrials
CAG;183;Conagra Brands Inc;Packaged Foods;Consumer Defensive
CAH;184;Cardinal Health Inc;Medical Distribution;Healthcare
CAJ;185;Canon Inc ADR;Computer Hardware;Technology
CAR;186;Avis Budget Group Inc;Rental & Leasing Services;Industrials
CARR;187;Carrier Global Corp;Building Products & Equipment;Industrials
CASY;188;Casey`s General Stores Inc;Specialty Retail;Consumer Cyclical
CAT;189;Caterpillar Inc;Farm & Heavy Construction Machinery;Industrials
CB;190;Chubb Ltd;Insurance - Property & Casualty;Financial Services
CBOE;191;Cboe Global Markets Inc;Financial Data & Stock Exchanges;Financial Services
CBRE;192;CBRE Group Inc Cl A;Real Estate Services;Real Estate
CBSH;193;Commerce Bancshares Inc;Banks - Regional;Financial Services
CCCS;194;CCC Intelligent Solutions Holdings Inc;Software - Infrastructure;Technology
CCEP;195;Coca-Cola Europacific Partners Plc;Beverages - Non-Alcoholic;Consumer Defensive
CCI;196;Crown Castle Inc;REIT - Specialty;Real Estate
CCJ;197;Cameco Corp;Uranium;Energy
CCK;198;Crown Holdings Inc;Packaging & Containers;Consumer Cyclical
CCL;199;Carnival Corp;Travel Services;Consumer Cyclical
CDAY;200;Ceridian HCM Holding Inc;Software - Application;Technology
CDNS;1;Cadence Design Systems Inc;Software - Application;Technology
CDW;2;CDW Corp;Information Technology Services;Technology
CE;3;Celanese Corp;Chemicals;Basic Materials
CEA;4;China Eastern Airlines Corp Ltd ADR;Airlines;Industrials
CEG;5;Constellation Energy Corp;Utilities - Renewable;Utilities
CELH;6;Celsius Holdings Inc;Beverages - Non-Alcoholic;Consumer Defensive
CF;7;CF Industries Holdings Inc;Agricultural Inputs;Basic Materials
CFG;8;Citizens Financial Group Inc;Banks - Regional;Financial Services
CFLT;9;Confluent Inc;Software - Infrastructure;Technology
CFR;10;Cullen/Frost Bankers Inc;Banks - Regional;Financial Services
CGNX;11;Cognex Corp;Scientific & Technical Instruments;Technology
CHD;12;Church & Dwight Co;Household & Personal Products;Consumer Defensive
CHDN;13;Churchill Downs Inc;Gambling;Consumer Cyclical
CHE;14;Chemed Corp;Medical Care Facilities;Healthcare
CHH;15;Choice Hotels International Inc;Lodging;Consumer Cyclical
CHK;16;Chesapeake Energy Corp;Oil & Gas E&P;Energy
CHKP;17;Check Point Software Technologies Ltd;Software - Infrastructure;Technology
CHRD;18;Chord Energy Corp;Oil & Gas E&P;Energy
CHRW;19;C.H. Robinson Worldwide Inc;Integrated Freight & Logistics;Industrials
CHT;20;Chunghwa Telecom Co Ltd ADR;Telecom Services;Communication Services
CHTR;21;Charter Communications Inc Cl A;Telecom Services;Communication Services
CHWY;22;Chewy Inc Cl A;Internet Retail;Consumer Cyclical
CHX;23;ChampionX Corp;Oil & Gas Equipment & Services;Energy
CI;24;Cigna Corp;Healthcare Plans;Healthcare
CIB;25;BanColombia S.A. ADR;Banks - Regional;Financial Services
CIEN;26;Ciena Corp;Communication Equipment;Technology
CIG;27;Companhia Energetica de Minas Gerais-Cemig ADR;Utilities - Diversified;Utilities
CINF;28;Cincinnati Financial Corp;Insurance - Property & Casualty;Financial Services
CIVI;29;Civitas Resources Inc;Oil & Gas E&P;Energy
CL;30;Colgate-Palmolive Co;Household & Personal Products;Consumer Defensive
CLF;31;Cleveland-Cliffs Inc;Steel;Basic Materials
CLH;32;Clean Harbors Inc;Waste Management;Industrials
CLR;33;Continental Resources Inc;Oil & Gas E&P;Energy
CLVT;34;Clarivate Plc;Information Technology Services;Technology
CLX;35;Clorox Co;Household & Personal Products;Consumer Defensive
CM;36;Canadian Imperial Bank of Commerce;Banks - Diversified;Financial Services
CMA;37;Comerica Inc;Banks - Regional;Financial Services
CMC;38;Commercial Metals Co;Steel;Basic Materials
CMCSA;39;Comcast Corp Cl A;Telecom Services;Communication Services
CME;40;CME Group Inc Cl A;Financial Data & Stock Exchanges;Financial Services
CMG;41;Chipotle Mexican Grill Inc;Restaurants;Consumer Cyclical
CMI;42;Cummins Inc;Specialty Industrial Machinery;Industrials
CMS;43;CMS Energy Corp;Utilities - Regulated Electric;Utilities
CMSA;44;CMS Energy Corp 5.625 Jr. Sub. Deb. 2078;;
CMS-PB;45;Consumers Energy Company;Utilities - Regulated Electric;Utilities
CNA;46;CNA Financial Corp;Insurance - Property & Casualty;Financial Services
CNC;47;Centene Corp;Healthcare Plans;Healthcare
CNHI;48;CNH Industrial N.V.;Farm & Heavy Construction Machinery;Industrials
CNI;49;Canadian National Railway Co;Railroads;Industrials
CNM;50;Core & Main Inc;Industrial Distribution;Industrials
CNP;51;CenterPoint Energy Inc;Utilities - Regulated Electric;Utilities
CNQ;52;Canadian Natural Resources Ltd;Oil & Gas E&P;Energy
CNXC;53;Concentrix Corp;Information Technology Services;Technology
COF;54;Capital One Financial Corp;Credit Services;Financial Services
COIN;55;Coinbase Global Inc;Software - Application;Technology
COLD;56;Americold Realty Trust Inc;REIT - Industrial;Real Estate
COO;57;Cooper Cos.;Medical Instruments & Supplies;Healthcare
COP;58;ConocoPhillips;Oil & Gas E&P;Energy
COST;59;Costco Wholesale Corp;Discount Stores;Consumer Defensive
COTY;60;Coty Inc Cl A;Household & Personal Products;Consumer Defensive
CP;61;Canadian Pacific Railway Ltd;Railroads;Industrials
CPB;62;Campbell Soup Co;Packaged Foods;Consumer Defensive
C-PJ;63;Citigroup Inc;Banks - Diversified;Financial Services
CPNG;64;Coupang Inc;Internet Retail;Consumer Cyclical
CPRI;65;Capri Holdings Ltd;Luxury Goods;Consumer Cyclical
CPRT;66;Copart Inc;Auto & Truck Dealerships;Consumer Cyclical
CPT;67;Camden Property Trust;REIT - Residential;Real Estate
CQP;68;Cheniere Energy Partners LP;Oil & Gas Midstream;Energy
CR;69;Crane Holdings Co;Specialty Industrial Machinery;Industrials
CRH;70;CRH Plc ADR;Building Materials;Basic Materials
CRL;71;Charles River Laboratories International Inc;Diagnostics & Research;Healthcare
CRM;72;Salesforce Inc;Software - Application;Technology
CRWD;73;CrowdStrike Holdings Inc Cl A;Software - Infrastructure;Technology
CS;74;Credit Suisse Group AG ADR;Banks - Diversified;Financial Services
CSAN;75;Cosan S.A. ADR;Oil & Gas Refining & Marketing;Energy
CSCO;76;Cisco Systems Inc;Communication Equipment;Technology
CSGP;77;CoStar Group Inc;Real Estate Services;Real Estate
CSL;78;Carlisle Cos.;Building Products & Equipment;Industrials
CSX;79;CSX Corp;Railroads;Industrials
CTA-PA;80;E. I. du Pont de Nemours and Company;Agricultural Inputs;Basic Materials
CTAS;81;Cintas Corp;Specialty Business Services;Industrials
CTLT;82;Catalent Inc;Drug Manufacturers - Specialty & Generic;Healthcare
CTRA;83;Coterra Energy Inc;Oil & Gas E&P;Energy
CTSH;84;Cognizant Technology Solutions Corp;Information Technology Services;Technology
CTVA;85;Corteva Inc;Agricultural Inputs;Basic Materials
CUBE;86;CubeSmart;REIT - Industrial;Real Estate
CUK;87;Carnival Plc ADR;Leisure;Consumer Cyclical
CVE;88;Cenovus Energy Inc;Oil & Gas Integrated;Energy
CVS;89;CVS Health Corp;Healthcare Plans;Healthcare
CVX;90;Chevron Corp;Oil & Gas Integrated;Energy
CW;91;Curtiss-Wright Corp;Aerospace & Defense;Industrials
CWEN;92;Clearway Energy Inc Cl C;Utilities - Renewable;Utilities
CX;93;Cemex S.A.B. de C.V. ADR;Building Materials;Basic Materials
CYBR;94;CyberArk Software Ltd;Software - Infrastructure;Technology
CZR;95;Caesars Entertainment Inc;Resorts & Casinos;Consumer Cyclical
D;96;Dominion Energy Inc;Utilities - Regulated Electric;Utilities
DAL;97;Delta Air Lines Inc;Airlines;Industrials
DAR;98;Darling Ingredients Inc;Packaged Foods;Consumer Defensive
DASH;99;DoorDash Inc Cl A;Internet Content & Information;Communication Services
DB;100;Deutsche Bank AG;Banks - Regional;Financial Services
DBX;101;Dropbox Inc;Software - Infrastructure;Technology
DCI;102;Donaldson Co Inc;Specialty Industrial Machinery;Industrials
DCP;103;DCP Midstream LP;Oil & Gas Midstream;Energy
DD;104;DuPont de Nemours Inc;Specialty Chemicals;Basic Materials
DDOG;105;Datadog Inc Cl A;Software - Application;Technology
DDS;106;Dillard`s Inc;Department Stores;Consumer Cyclical
DE;107;Deere & Co;Farm & Heavy Construction Machinery;Industrials
DECK;108;Deckers Outdoor Corp;Footwear & Accessories;Consumer Cyclical
DELL;109;Dell Technologies Inc Cl C;Computer Hardware;Technology
DEO;110;Diageo Plc ADR;Beverages - Wineries & Distilleries;Consumer Defensive
DFS;111;Discover Financial Services;Credit Services;Financial Services
DG;112;Dollar General Corp;Discount Stores;Consumer Defensive
DGX;113;Quest Diagnostics Inc;Diagnostics & Research;Healthcare
DHI;114;D.R. Horton Inc;Residential Construction;Consumer Cyclical
DHR;115;Danaher Corp;Diagnostics & Research;Healthcare
DINO;116;HF Sinclair Corp;Oil & Gas Refining & Marketing;Energy
DIS;117;Walt Disney Co;Entertainment;Communication Services
DISH;118;DISH Network Corp Cl A;Telecom Services;Communication Services
DKNG;119;DraftKings Inc;Gambling;Consumer Cyclical
DKS;120;Dick`s Sporting Goods Inc;Specialty Retail;Consumer Cyclical
DLB;121;Dolby Laboratories Inc Cl A;Information Technology Services;Technology
DLO;122;dLocal Ltd;Software - Infrastructure;Technology
DLR;123;Digital Realty Trust Inc;REIT - Specialty;Real Estate
DLR-PJ;124;Digital Realty Trust Inc;REIT - Specialty;Real Estate
DLTR;125;Dollar Tree Inc;Discount Stores;Consumer Defensive
DNA;126;Ginkgo Bioworks Holdings Inc;Biotechnology;Healthcare
DNB;127;Dun & Bradstreet Holdings Inc;Financial Data & Stock Exchanges;Financial Services
DOCS;128;Doximity Inc;Health Information Services;Healthcare
DOCU;129;DocuSign Inc;Software - Application;Technology
DOOO;130;BRP Inc;Recreational Vehicles;Consumer Cyclical
DOV;131;Dover Corp;Specialty Industrial Machinery;Industrials
DOW;132;Dow Inc;Chemicals;Basic Materials
DOX;133;Amdocs Ltd;Software - Infrastructure;Technology
DPZ;134;Domino`s Pizza Inc;Restaurants;Consumer Cyclical
DRI;135;Darden Restaurants Inc;Restaurants;Consumer Cyclical
DRVN;136;Driven Brands Holdings Inc;Auto & Truck Dealerships;Consumer Cyclical
DSGX;137;Descartes Systems Group Inc;Software - Application;Technology
DT;138;Dynatrace Inc;Software - Application;Technology
DTE;139;DTE Energy Co;Utilities - Regulated Electric;Utilities
DTM;140;DT Midstream Inc;Oil & Gas Midstream;Energy
DUK;141;Duke Energy Corp;Utilities - Regulated Electric;Utilities
DVA;142;DaVita Inc;Medical Care Facilities;Healthcare
DVN;143;Devon Energy Corp;Oil & Gas E&P;Energy
DXC;144;DXC Technology Co;Information Technology Services;Technology
DXCM;145;DexCom Inc;Medical Devices;Healthcare
E;146;ENI S.p.A. ADR;Oil & Gas Integrated;Energy
EA;147;Electronic Arts Inc;Electronic Gaming & Multimedia;Communication Services
EBAY;148;eBay Inc;Internet Retail;Consumer Cyclical
EBR;149;Centrais Eletricas Brasileiras S/A ADR;Utilities - Regulated Electric;Utilities
EC;150;Ecopetrol S.A. ADR;Oil & Gas Integrated;Energy
ECL;151;Ecolab Inc;Specialty Chemicals;Basic Materials
ED;152;Consolidated Edison Inc;Utilities - Regulated Electric;Utilities
EDR;153;Endeavor Group Holdings Inc;Entertainment;Communication Services
EFX;154;Equifax Inc;Consulting Services;Industrials
EGP;155;EastGroup Properties Inc;REIT - Industrial;Real Estate
EHC;156;Encompass Health Corp;Medical Care Facilities;Healthcare
EIX;157;Edison International;Utilities - Regulated Electric;Utilities
EL;158;Estee Lauder Cos. Cl A;Household & Personal Products;Consumer Defensive
ELAN;159;Elanco Animal Health Inc;Drug Manufacturers - Specialty & Generic;Healthcare
ELS;160;Equity Lifestyle Properties Inc;REIT - Residential;Real Estate
ELV;161;Elevance Health Inc;Healthcare Plans;Healthcare
EME;162;EMCOR Group Inc;Engineering & Construction;Industrials
EMN;163;Eastman Chemical Co;Specialty Chemicals;Basic Materials
EMR;164;Emerson Electric Co;Specialty Industrial Machinery;Industrials
ENB;165;Enbridge Inc;Oil & Gas Midstream;Energy
ENBA;166;Enbridge Inc 6.375 Fixed-to-Floating Rate Sub. Notes Series 2018-B due 2078;;
ENLC;167;EnLink Midstream LLC;Oil & Gas Midstream;Energy
ENPH;168;Enphase Energy Inc;Solar;Technology
ENTG;169;Entegris Inc;Semiconductor Equipment & Materials;Technology
EOG;170;EOG Resources Inc;Oil & Gas E&P;Energy
EPAM;171;EPAM Systems Inc;Information Technology Services;Technology
EPD;172;Enterprise Products Partners LP;Oil & Gas Midstream;Energy
EQH;173;Equitable Holdings Inc;Insurance - Diversified;Financial Services
EQIX;174;Equinix Inc;REIT - Specialty;Real Estate
EQNR;175;Equinor ASA ADR;Oil & Gas Integrated;Energy
EQR;176;Equity Residential;REIT - Residential;Real Estate
EQT;177;EQT Corp;Oil & Gas E&P;Energy
ERIC;178;Telefon AB L.M. Ericsson ADR;Communication Equipment;Technology
ERIE;179;Erie Indemnity Co Cl A;Insurance Brokers;Financial Services
ES;180;Eversource Energy;Utilities - Regulated Electric;Utilities
ESLT;181;Elbit Systems Ltd;Aerospace & Defense;Industrials
ESS;182;Essex Property Trust Inc;REIT - Residential;Real Estate
ESTC;183;Elastic N.V.;Software - Application;Technology
ET;184;Energy Transfer LP;Oil & Gas Midstream;Energy
ETN;185;Eaton Corp Plc;Specialty Industrial Machinery;Industrials
ETR;186;Entergy Corp;Utilities - Regulated Electric;Utilities
ETSY;187;Etsy Inc;Internet Retail;Consumer Cyclical
EVRG;188;Evergy Inc;Utilities - Regulated Electric;Utilities
EW;189;Edwards Lifesciences Corp;Medical Devices;Healthcare
EWBC;190;East West Bancorp Inc;Banks - Diversified;Financial Services
EXAS;191;Exact Sciences Corp;Diagnostics & Research;Healthcare
EXC;192;Exelon Corp;Utilities - Regulated Electric;Utilities
EXEL;193;Exelixis Inc;Biotechnology;Healthcare
EXLS;194;ExlService Holdings Inc;Information Technology Services;Technology
EXPD;195;Expeditors International of Washington Inc;Integrated Freight & Logistics;Industrials
EXPE;196;Expedia Group Inc;Travel Services;Consumer Cyclical
EXR;197;Extra Space Storage Inc;REIT - Industrial;Real Estate
F;198;Ford Motor Co;Auto Manufacturers;Consumer Cyclical
FAF;199;First American Financial Corp;Insurance - Specialty;Financial Services
FANG;200;Diamondback Energy Inc;Oil & Gas E&P;Energy
FAST;1;Fastenal Co;Industrial Distribution;Industrials
FBHS;2;Fortune Brands Home & Security Inc;Building Products & Equipment;Industrials
FCN;3;FTI Consulting Inc;Consulting Services;Industrials
FCNCA;4;First Citizens Bancshares Inc Cl A;Banks - Regional;Financial Services
FCX;5;Freeport-McMoRan Inc;Copper;Basic Materials
FDS;6;FactSet Research Systems Inc;Financial Data & Stock Exchanges;Financial Services
FDX;7;FedEx Corp;Integrated Freight & Logistics;Industrials
FE;8;FirstEnergy Corp;Utilities - Regulated Electric;Utilities
FERG;9;Ferguson Plc;Industrial Distribution;Industrials
FFIN;10;First Financial Bankshares Inc;Banks - Regional;Financial Services
FFIV;11;F5 Inc;Software - Infrastructure;Technology
FHN;12;First Horizon Corp;Banks - Regional;Financial Services
FICO;13;Fair Isaac Corp;Software - Application;Technology
FIS;14;Fidelity National Information Services Inc;Information Technology Services;Technology
FISV;15;Fiserv Inc;Information Technology Services;Technology
FITB;16;Fifth Third Bancorp;Banks - Regional;Financial Services
FIVE;17;Five Below Inc;Specialty Retail;Consumer Cyclical
FLEX;18;Flex Ltd;Electronic Components;Technology
FLO;19;Flowers Foods Inc;Packaged Foods;Consumer Defensive
FLT;20;FleetCor Technologies Inc;Software - Infrastructure;Technology
FMC;21;FMC Corp;Agricultural Inputs;Basic Materials
FMS;22;Fresenius Medical Care AG & Co KGaA ADR;Medical Care Facilities;Healthcare
FMX;23;Fomento Economico Mexicano S.A.B. de C.V. ADR;Beverages - Brewers;Consumer Defensive
FNB;24;F.N.B. Corp;Banks - Regional;Financial Services
FND;25;Floor & Decor Holdings Inc Cl A;Home Improvement Retail;Consumer Cyclical
FNF;26;Fidelity National Financial Inc;Insurance - Specialty;Financial Services
FNV;27;Franco-Nevada Corp;Gold;Basic Materials
FOX;28;Fox Corp Cl B;Entertainment;Communication Services
FR;29;First Industrial Realty Trust Inc;REIT - Industrial;Real Estate
FRC;30;First Republic Bank;Banks - Regional;Financial Services
FRC-PH;31;First Republic Bank;Banks - Regional;Financial Services
FRC-PI;32;First Republic Bank;Banks - Regional;Financial Services
FRT;33;Federal Realty Investment Trust;REIT - Retail;Real Estate
FSLR;34;First Solar Inc;Solar;Technology
FSV;35;FirstService Corp;Real Estate Services;Real Estate
FTNT;36;Fortinet Inc;Software - Infrastructure;Technology
FTS;37;Fortis Inc;Utilities - Regulated Electric;Utilities
FTV;38;Fortive Corp;Scientific & Technical Instruments;Technology
FUTU;39;Futu Holdings Ltd ADR;Capital Markets;Financial Services
FWONA;40;Liberty Media Corp Series A Liberty Formula One;Entertainment;Communication Services
FYBR;41;Frontier Communications Parent Inc;Telecom Services;Communication Services
G;42;Genpact Ltd;Information Technology Services;Technology
GBCI;43;Glacier Bancorp Inc;Banks - Regional;Financial Services
GD;44;General Dynamics Corp;Aerospace & Defense;Industrials
GDDY;45;GoDaddy Inc Cl A;Software - Infrastructure;Technology
GE;46;General Electric Co;Specialty Industrial Machinery;Industrials
GFI;47;Gold Fields Ltd ADR;Gold;Basic Materials
GFL;48;GFL Environmental Inc;Waste Management;Industrials
GFS;49;GlobalFoundries Inc;Semiconductors;Technology
GGB;50;Gerdau S/A ADR;Steel;Basic Materials
GGG;51;Graco Inc;Specialty Industrial Machinery;Industrials
GIB;52;CGI Inc Cl A;Information Technology Services;Technology
GIL;53;Gildan Activewear Inc;Apparel Manufacturing;Consumer Cyclical
GILD;54;Gilead Sciences Inc;Drug Manufacturers - General;Healthcare
GIS;55;General Mills Inc;Packaged Foods;Consumer Defensive
GL;56;Globe Life Inc;Insurance - Life;Financial Services
GLOB;57;Globant S.A.;Information Technology Services;Technology
GLPI;58;Gaming & Leisure Properties Inc;REIT - Specialty;Real Estate
GLW;59;Corning Inc;Electronic Components;Technology
GM;60;General Motors Co;Auto Manufacturers;Consumer Cyclical
GMAB;61;Genmab A/S ADR;Biotechnology;Healthcare
GME;62;GameStop Corp Cl A;Specialty Retail;Consumer Cyclical
GMED;63;Globus Medical Inc;Medical Devices;Healthcare
GNRC;64;Generac Holdings Inc;Specialty Industrial Machinery;Industrials
GNTX;65;Gentex Corp;Auto Parts;Consumer Cyclical
GOLD;66;Barrick Gold Corp;Gold;Basic Materials
GOOG;67;Alphabet Inc Cl C;Internet Content & Information;Communication Services
GPC;68;Genuine Parts Co;Specialty Retail;Consumer Cyclical
GPK;69;Graphic Packaging Holding Co;Packaging & Containers;Consumer Cyclical
GPN;70;Global Payments Inc;Specialty Business Services;Industrials
GPS;71;Gap Inc;Apparel Retail;Consumer Cyclical
GRAB;72;Grab Holdings Ltd;Software - Application;Technology
GRFS;73;Grifols S.A. ADR;Drug Manufacturers - General;Healthcare
GRMN;74;Garmin Ltd;Scientific & Technical Instruments;Technology
GS;75;Goldman Sachs Group Inc;Capital Markets;Financial Services
GSK;76;GSK Plc ADR;Drug Manufacturers - General;Healthcare
GS-PA;77;The Goldman Sachs Group Inc;Capital Markets;Financial Services
GTLB;78;GitLab Inc Cl A;Software - Application;Technology
GTLS;79;Chart Industries Inc;Specialty Industrial Machinery;Industrials
GWW;80;W.W. Grainger Inc;Industrial Distribution;Industrials
H;81;Hyatt Hotels Corp;Lodging;Consumer Cyclical
HAL;82;Halliburton Co;Oil & Gas Equipment & Services;Energy
HALO;83;Halozyme Therapeutics Inc;Biotechnology;Healthcare
HAS;84;Hasbro Inc;Leisure;Consumer Cyclical
HBAN;85;Huntington Bancshares Inc;Banks - Regional;Financial Services
HCA;86;HCA Healthcare Inc;Medical Care Facilities;Healthcare
HCP;87;HashiCorp Inc Cl A;Software - Infrastructure;Technology
HD;88;Home Depot Inc;Home Improvement Retail;Consumer Cyclical
HDB;89;HDFC Bank Ltd ADR;Banks - Regional;Financial Services
HEI;90;Heico Corp;Aerospace & Defense;Industrials
HES;91;Hess Corp;Oil & Gas E&P;Energy
HESM;92;Hess Midstream LP Cl A;Oil & Gas Midstream;Energy
HIG;93;Hartford Financial Services Group Inc;Insurance - Diversified;Financial Services
HII;94;Huntington Ingalls Industries Inc;Aerospace & Defense;Industrials
HIW;95;Highwoods Properties Inc;REIT - Office;Real Estate
HLI;96;Houlihan Lokey Inc Cl A;Capital Markets;Financial Services
HLN;97;Haleon Plc ADR;Drug Manufacturers - Specialty & Generic;Healthcare
HLT;98;Hilton Worldwide Holdings Inc;Lodging;Consumer Cyclical
HMC;99;Honda Motor Co Ltd ADR;Auto Manufacturers;Consumer Cyclical
HOG;100;Harley-Davidson Inc;Recreational Vehicles;Consumer Cyclical
HOLX;101;Hologic Inc;Medical Instruments & Supplies;Healthcare
HOMB;102;Home BancShares Inc;Banks - Regional;Financial Services
HON;103;Honeywell International Inc;Conglomerates;Industrials
HOOD;104;Robinhood Markets Inc;Software - Infrastructure;Technology
HP;105;Helmerich & Payne Inc;Oil & Gas Drilling;Energy
HPE;106;Hewlett Packard Enterprise Co;Communication Equipment;Technology
HPQ;107;HP Inc;Computer Hardware;Technology
HQY;108;HealthEquity Inc;Health Information Services;Healthcare
HR;109;Healthcare Realty Trust Inc;REIT - Healthcare Facilities;Real Estate
HRB;110;H&R Block Inc;Personal Services;Consumer Cyclical
HRL;111;Hormel Foods Corp;Packaged Foods;Consumer Defensive
HSBC;112;HSBC Holdings Plc ADR;Banks - Diversified;Financial Services
HSIC;113;Henry Schein Inc;Medical Distribution;Healthcare
HST;114;Host Hotels & Resorts Inc;REIT - Hotel & Motel;Real Estate
HSY;115;Hershey Co;Confectioners;Consumer Defensive
HTHT;116;H World Group Ltd ADR;Lodging;Consumer Cyclical
HTZ;117;Hertz Global Holdings Inc;Rental & Leasing Services;Industrials
HUBB;118;Hubbell Inc;Electrical Equipment & Parts;Industrials
HUBS;119;HubSpot Inc;Software - Application;Technology
HUM;120;Humana Inc;Healthcare Plans;Healthcare
HUN;121;Huntsman Corp;Chemicals;Basic Materials
HWM;122;Howmet Aerospace Inc;Aerospace & Defense;Industrials
HZNP;123;Horizon Therapeutics Plc;Drug Manufacturers - General;Healthcare
IAA;124;IAA Inc;Specialty Business Services;Industrials
IBKR;125;Interactive Brokers Group Inc;Capital Markets;Financial Services
IBM;126;International Business Machines Corp;Information Technology Services;Technology
IBN;127;ICICI Bank Ltd ADR;Banks - Regional;Financial Services
ICE;128;Intercontinental Exchange Inc;Financial Data & Stock Exchanges;Financial Services
ICL;129;ICL Group Ltd;Agricultural Inputs;Basic Materials
ICLR;130;Icon Plc;Diagnostics & Research;Healthcare
IDA;131;IDACORP Inc;Utilities - Regulated Electric;Utilities
IDXX;132;IDEXX Laboratories Inc;Diagnostics & Research;Healthcare
IEP;133;Icahn Enterprises LP;Conglomerates;Industrials
IEX;134;IDEX Corp;Specialty Industrial Machinery;Industrials
IFF;135;International Flavors & Fragrances Inc;Specialty Chemicals;Basic Materials
IHG;136;InterContinental Hotels Group Plc ADR;Lodging;Consumer Cyclical
ILMN;137;Illumina Inc;Diagnostics & Research;Healthcare
IMO;138;Imperial Oil Ltd;Oil & Gas Integrated;Energy
INCY;139;Incyte Corp;Biotechnology;Healthcare
INFA;140;Informatica Inc;Software - Infrastructure;Technology
INFY;141;Infosys Ltd ADR;Information Technology Services;Technology
ING;142;ING Groep N.V. ADR;Banks - Diversified;Financial Services
INGR;143;Ingredion Inc;Packaged Foods;Consumer Defensive
INSP;144;Inspire Medical Systems Inc;Medical Devices;Healthcare
INTC;145;Intel Corp;Semiconductors;Technology
INTU;146;Intuit Inc;Software - Application;Technology
INVH;147;Invitation Homes Inc;REIT - Residential;Real Estate
IONS;148;Ionis Pharmaceuticals Inc;Biotechnology;Healthcare
IOT;149;Samsara Inc;Software - Infrastructure;Technology
IP;150;International Paper Co;Packaging & Containers;Consumer Cyclical
IPG;151;Interpublic Group of Cos.;Advertising Agencies;Communication Services
IQV;152;IQVIA Holdings Inc;Diagnostics & Research;Healthcare
IR;153;Ingersoll Rand Inc;Specialty Industrial Machinery;Industrials
IRDM;154;Iridium Communications Inc;Telecom Services;Communication Services
IRM;155;Iron Mountain Inc;REIT - Specialty;Real Estate
ISRG;156;Intuitive Surgical Inc;Medical Instruments & Supplies;Healthcare
IT;157;Gartner Inc;Information Technology Services;Technology
ITT;158;ITT Inc;Specialty Industrial Machinery;Industrials
ITUB;159;Itau Unibanco Holding S/A ADR;Banks - Regional;Financial Services
ITW;160;Illinois Tool Works Inc;Specialty Industrial Machinery;Industrials
IX;161;Orix Corp ADR;Credit Services;Financial Services
J;162;Jacobs Solutions Inc;Engineering & Construction;Industrials
JAZZ;163;Jazz Pharmaceuticals Plc;Biotechnology;Healthcare
JBHT;164;J.B. Hunt Transport Services Inc;Integrated Freight & Logistics;Industrials
JBL;165;Jabil Inc;Electronic Components;Technology
JCI;166;Johnson Controls International Plc;Building Products & Equipment;Industrials
JD;167;JD.com Inc ADR;Internet Retail;Consumer Cyclical
JEF;168;Jefferies Financial Group Inc;Capital Markets;Financial Services
JHX;169;James Hardie Industries Plc ADR;Building Materials;Basic Materials
JKHY;170;Jack Henry & Associates Inc;Information Technology Services;Technology
JLL;171;Jones Lang LaSalle Inc;Real Estate Services;Real Estate
JNJ;172;Johnson & Johnson;Drug Manufacturers - General;Healthcare
JNPR;173;Juniper Networks Inc;Communication Equipment;Technology
JPM;174;JPMorgan Chase & Co;Banks - Diversified;Financial Services
JSM;175;Navient Corp 6 Sr. Notes 2043;Mortgage Finance;Financial Services
K;176;Kellogg Co;Packaged Foods;Consumer Defensive
KB;177;KB Financial Group Inc ADR;Banks - Regional;Financial Services
KBR;178;KBR Inc;Engineering & Construction;Industrials
KDP;179;Keurig Dr Pepper Inc;Beverages - Non-Alcoholic;Consumer Defensive
KEP;180;Korea Electric Power Corp ADR;Utilities - Regulated Electric;Utilities
KEY;181;KeyCorp;Banks - Regional;Financial Services
KEYS;182;Keysight Technologies Inc;Scientific & Technical Instruments;Technology
KHC;183;Kraft Heinz Co;Packaged Foods;Consumer Defensive
KIM;184;Kimco Realty Corp;REIT - Retail;Real Estate
KLAC;185;KLA Corp;Semiconductor Equipment & Materials;Technology
KMB;186;Kimberly-Clark Corp;Household & Personal Products;Consumer Defensive
KMI;187;Kinder Morgan Inc;Oil & Gas Midstream;Energy
KMX;188;CarMax Inc;Auto & Truck Dealerships;Consumer Cyclical
KNSL;189;Kinsale Capital Group Inc;Insurance - Property & Casualty;Financial Services
KNX;190;Knight-Swift Transportation Holdings Inc Cl A;Trucking;Industrials
KO;191;Coca-Cola Co;Beverages - Non-Alcoholic;Consumer Defensive
KR;192;Kroger Co;Grocery Stores;Consumer Defensive
KRC;193;Kilroy Realty Corp;REIT - Office;Real Estate
KRTX;194;Karuna Therapeutics Inc;Biotechnology;Healthcare
KSS;195;Kohl`s Corp;Department Stores;Consumer Cyclical
KT;196;KT Corp ADR;Telecom Services;Communication Services
L;197;Loews Corp;Insurance - Property & Casualty;Financial Services
LAD;198;Lithia Motors Inc;Auto & Truck Dealerships;Consumer Cyclical
LAMR;199;Lamar Advertising Co Cl A;REIT - Specialty;Real Estate
LBRDA;200;Liberty Broadband Corp Cl A;Telecom Services;Communication Services
LBTYA;1;Liberty Global Plc Cl A;Telecom Services;Communication Services
LCID;2;Lucid Group Inc;Auto Manufacturers;Consumer Cyclical
LDOS;3;Leidos Holdings Inc;Information Technology Services;Technology
LEA;4;Lear Corp;Auto Parts;Consumer Cyclical
LECO;5;Lincoln Electric Holdings Inc;Tools & Accessories;Industrials
LEGN;6;Legend Biotech Corp ADR;Biotechnology;Healthcare
LEN;7;Lennar Corp Cl A;Residential Construction;Consumer Cyclical
LEVI;8;Levi Strauss & Co Cl A;Apparel Manufacturing;Consumer Cyclical
LFUS;9;Littelfuse Inc;Electronic Components;Technology
LH;10;Laboratory Corp of America Holdings;Diagnostics & Research;Healthcare
LHCG;11;LHC Group;Medical Care Facilities;Healthcare
LHX;12;L3Harris Technologies Inc;Aerospace & Defense;Industrials
LI;13;Li Auto Inc ADR;Auto Manufacturers;Consumer Cyclical
LII;14;Lennox International Inc;Building Products & Equipment;Industrials
LIN;15;Linde Plc;Specialty Chemicals;Basic Materials
LKQ;16;LKQ Corp;Auto Parts;Consumer Cyclical
LLY;17;Eli Lilly & Co;Drug Manufacturers - General;Healthcare
LMT;18;Lockheed Martin Corp;Aerospace & Defense;Industrials
LNC;19;Lincoln National Corp;Insurance - Life;Financial Services
LNG;20;Cheniere Energy Inc;Oil & Gas Midstream;Energy
LNT;21;Alliant Energy Corp;Utilities - Regulated Electric;Utilities
LNTH;22;Lantheus Holdings Inc;Drug Manufacturers - Specialty & Generic;Healthcare
LNW;23;Light & Wonder Inc;Gambling;Consumer Cyclical
LOGI;24;Logitech International S.A.;Computer Hardware;Technology
LOW;25;Lowe`s Cos.;Home Improvement Retail;Consumer Cyclical
LPLA;26;LPL Financial Holdings Inc;Capital Markets;Financial Services
LRCX;27;Lam Research Corp;Semiconductor Equipment & Materials;Technology
LSCC;28;Lattice Semiconductor Corp;Semiconductors;Technology
LSI;29;Life Storage Inc;REIT - Industrial;Real Estate
LSTR;30;Landstar System Inc;Integrated Freight & Logistics;Industrials
LSXMA;31;Liberty Media Corp Series A SiriusXM;Broadcasting;Communication Services
LTHM;32;Livent Corp;Specialty Chemicals;Basic Materials
LULU;33;lululemon athletica inc.;Apparel Retail;Consumer Cyclical
LUMN;34;Lumen Technologies Inc;Telecom Services;Communication Services
LUV;35;Southwest Airlines Co;Airlines;Industrials
LVS;36;Las Vegas Sands Corp;Resorts & Casinos;Consumer Cyclical
LW;37;Lamb Weston Holdings Inc;Packaged Foods;Consumer Defensive
LYB;38;LyondellBasell Industries N.V. Cl A;Specialty Chemicals;Basic Materials
LYFT;39;Lyft Inc Cl A;Software - Application;Technology
LYG;40;Lloyds Banking Group Plc ADR;Banks - Regional;Financial Services
LYV;41;Live Nation Entertainment Inc;Entertainment;Communication Services
M;42;Macy`s Inc;Department Stores;Consumer Cyclical
MA;43;Mastercard Inc;Credit Services;Financial Services
MAA;44;Mid-America Apartment Communities Inc;REIT - Residential;Real Estate
MANH;45;Manhattan Associates Inc;Software - Application;Technology
MAR;46;Marriott International Inc;Lodging;Consumer Cyclical
MAS;47;Masco Corp;Building Products & Equipment;Industrials
MASI;48;Masimo Corp;Medical Instruments & Supplies;Healthcare
MAT;49;Mattel Inc;Leisure;Consumer Cyclical
MBI;50;MBIA Inc;Insurance - Specialty;Financial Services
MBLY;51;Mobileye Global Inc Cl A;Software - Application;Technology
MCD;52;McDonald`s Corp;Restaurants;Consumer Cyclical
MCHP;53;Microchip Technology Inc;Semiconductors;Technology
MCK;54;McKesson Corp;Medical Distribution;Healthcare
MCO;55;Moody`s Corp;Financial Data & Stock Exchanges;Financial Services
MDB;56;MongoDB Inc;Software - Infrastructure;Technology
MDLZ;57;Mondelez International Inc Cl A;Confectioners;Consumer Defensive
MDT;58;Medtronic Plc;Medical Devices;Healthcare
MDU;59;MDU Resources Group Inc;Conglomerates;Industrials
MEDP;60;Medpace Holdings Inc;Diagnostics & Research;Healthcare
MELI;61;MercadoLibre Inc;Internet Retail;Consumer Cyclical
MET;62;MetLife Inc;Insurance - Life;Financial Services
META;63;Meta Platforms Inc;Internet Content & Information;Communication Services
MFC;64;Manulife Financial Corp;Insurance - Life;Financial Services
MFG;65;Mizuho Financial Group Inc ADR;Banks - Regional;Financial Services
MGA;66;Magna International Inc;Auto Parts;Consumer Cyclical
MGM;67;MGM Resorts International;Resorts & Casinos;Consumer Cyclical
MGY;68;Magnolia Oil & Gas Corp;Oil & Gas E&P;Energy
MHK;69;Mohawk Industries Inc;Furnishings Fixtures & Appliances;Consumer Cyclical
MIDD;70;Middleby Corp;Specialty Industrial Machinery;Industrials
MKC;71;McCormick & Co Inc;Packaged Foods;Consumer Defensive
MKL;72;Markel Corp;Insurance - Property & Casualty;Financial Services
MKSI;73;MKS Instruments Inc;Scientific & Technical Instruments;Technology
MKTX;74;MarketAxess Holdings Inc;Capital Markets;Financial Services
MLM;75;Martin Marietta Materials Inc;Building Materials;Basic Materials
MMC;76;Marsh & McLennan Cos.;Insurance Brokers;Financial Services
MMM;77;3M Co;Conglomerates;Industrials
MMP;78;Magellan Midstream Partners LP;Oil & Gas Midstream;Energy
MNST;79;Monster Beverage Corp;Beverages - Non-Alcoholic;Consumer Defensive
MO;80;Altria Group Inc;Tobacco;Consumer Defensive
MOH;81;Molina Healthcare Inc;Healthcare Plans;Healthcare
MORN;82;Morningstar Inc;Financial Data & Stock Exchanges;Financial Services
MOS;83;Mosaic Co;Agricultural Inputs;Basic Materials
MP;84;MP Materials Corp;Other Industrial Metals & Mining;Basic Materials
MPC;85;Marathon Petroleum Corp;Oil & Gas Refining & Marketing;Energy
MPLX;86;MPLX LP;Oil & Gas Midstream;Energy
MPW;87;Medical Properties Trust Inc;REIT - Healthcare Facilities;Real Estate
MPWR;88;Monolithic Power Systems Inc;Semiconductors;Technology
MRK;89;Merck & Co Inc;Drug Manufacturers - General;Healthcare
MRNA;90;Moderna Inc;Biotechnology;Healthcare
MRO;91;Marathon Oil Corp;Oil & Gas E&P;Energy
MRVL;92;Marvell Technology Inc;Semiconductors;Technology
MS;93;Morgan Stanley;Capital Markets;Financial Services
MSA;94;MSA Safety Inc;Security & Protection Services;Industrials
MSCI;95;MSCI Inc;Financial Data & Stock Exchanges;Financial Services
MSFT;96;Microsoft Corp;Software - Infrastructure;Technology
MSI;97;Motorola Solutions Inc;Communication Equipment;Technology
MS-PA;98;Morgan Stanley;Capital Markets;Financial Services
MT;99;ArcelorMittal ADR;Steel;Basic Materials
MTB;100;M&T Bank Corp;Banks - Regional;Financial Services
MTCH;101;Match Group Inc;Internet Content & Information;Communication Services
MTD;102;Mettler-Toledo International Inc;Diagnostics & Research;Healthcare
MTDR;103;Matador Resources Co;Oil & Gas E&P;Energy
MTN;104;Vail Resorts Inc;Resorts & Casinos;Consumer Cyclical
MTZ;105;MasTec Inc;Engineering & Construction;Industrials
MU;106;Micron Technology Inc;Semiconductors;Technology
MUFG;107;Mitsubishi UFJ Financial Group Inc ADR;Banks - Diversified;Financial Services
MUR;108;Murphy Oil Corp;Oil & Gas E&P;Energy
MUSA;109;Murphy USA Inc;Specialty Retail;Consumer Cyclical
NATI;110;National Instruments Corp;Software - Application;Technology
NBIX;111;Neurocrine Biosciences Inc;Drug Manufacturers - Specialty & Generic;Healthcare
NCLH;112;Norwegian Cruise Line Holdings Ltd;Travel Services;Consumer Cyclical
NDAQ;113;Nasdaq Inc;Financial Data & Stock Exchanges;Financial Services
NDSN;114;Nordson Corp;Specialty Industrial Machinery;Industrials
NEE;115;NextEra Energy Inc;Utilities - Regulated Electric;Utilities
NEM;116;Newmont Corp;Gold;Basic Materials
NEP;117;NextEra Energy Partners LP;Utilities - Renewable;Utilities
NET;118;Cloudflare Inc Cl A;Software - Infrastructure;Technology
NFE;119;New Fortress Energy LLC Cl A;Utilities - Regulated Gas;Utilities
NFG;120;National Fuel Gas Co;Oil & Gas Integrated;Energy
NFLX;121;Netflix Inc;Entertainment;Communication Services
NGG;122;National Grid Plc ADR;Utilities - Regulated Electric;Utilities
NI;123;NiSource Inc;Utilities - Regulated Gas;Utilities
NICE;124;NICE Ltd ADR;Software - Application;Technology
NIMC;125;NiSource Inc Un;Utilities - Regulated Gas;Utilities
NIO;126;NIO Inc ADR;Auto Manufacturers;Consumer Cyclical
NI-PB;127;NiSource Inc;Utilities - Regulated Gas;Utilities
NKE;128;Nike Inc Cl B;Footwear & Accessories;Consumer Cyclical
NLOK;129;NortonLifeLock Inc;Software - Infrastructure;Technology
NLY;130;Annaly Capital Management Inc;REIT - Mortgage;Real Estate
NMR;131;Nomura Holdings Inc ADR;Capital Markets;Financial Services
NNN;132;National Retail Properties Inc;REIT - Retail;Real Estate
NOC;133;Northrop Grumman Corp;Aerospace & Defense;Industrials
NOK;134;Nokia Corp ADR;Communication Equipment;Technology
NOV;135;NOV Inc;Oil & Gas Equipment & Services;Energy
NOVT;136;Novanta Inc;Scientific & Technical Instruments;Technology
NOW;137;ServiceNow Inc;Software - Application;Technology
NRG;138;NRG Energy Inc;Utilities - Independent Power Producers;Utilities
NSA;139;National Storage Affiliates Trust;REIT - Industrial;Real Estate
NSC;140;Norfolk Southern Corp;Railroads;Industrials
NTAP;141;NetApp Inc;Computer Hardware;Technology
NTES;142;NetEase Inc ADR;Electronic Gaming & Multimedia;Communication Services
NTNX;143;Nutanix Inc Cl A;Software - Infrastructure;Technology
NTR;144;Nutrien Ltd;Agricultural Inputs;Basic Materials
NU;145;Nu Holdings Ltd Cl A;Banks - Diversified;Financial Services
NUE;146;Nucor Corp;Steel;Basic Materials
NVCR;147;Novocure Ltd;Medical Instruments & Supplies;Healthcare
NVDA;148;NVIDIA Corp;Semiconductors;Technology
NVO;149;Novo Nordisk A/S ADR;Biotechnology;Healthcare
NVR;150;NVR Inc;Residential Construction;Consumer Cyclical
NVS;151;Novartis AG ADR;Drug Manufacturers - General;Healthcare
NVST;152;Envista Holdings Corp;Medical Instruments & Supplies;Healthcare
NVT;153;nVent Electric Plc;Electrical Equipment & Parts;Industrials
NWG;154;NatWest Group Plc ADR;Banks - Diversified;Financial Services
NWL;155;Newell Brands Inc;Household & Personal Products;Consumer Defensive
NWS;156;News Corp Cl B;Entertainment;Communication Services
NWSA;157;News Corp Cl A;Entertainment;Communication Services
NXPI;158;NXP Semiconductors N.V.;Semiconductors;Technology
NXST;159;Nexstar Media Group Inc Cl A;Entertainment;Communication Services
NYT;160;New York Times Co Cl A;Publishing;Communication Services
O;161;Realty Income Corp;REIT - Retail;Real Estate
OC;162;Owens Corning;Building Products & Equipment;Industrials
ODFL;163;Old Dominion Freight Line Inc;Trucking;Industrials
OGE;164;OGE Energy Corp;Utilities - Regulated Electric;Utilities
OGN;165;Organon & Co;Drug Manufacturers - General;Healthcare
OHI;166;Omega Healthcare Investors Inc;REIT - Healthcare Facilities;Real Estate
OKE;167;ONEOK Inc;Oil & Gas Midstream;Energy
OKTA;168;Okta Inc Cl A;Software - Infrastructure;Technology
OLN;169;Olin Corp;Specialty Chemicals;Basic Materials
OMC;170;Omnicom Group Inc;Advertising Agencies;Communication Services
ON;171;ON Semiconductor Corp;Semiconductors;Technology
ONB;172;Old National Bancorp;Banks - Regional;Financial Services
ONON;173;On Holding AG;Footwear & Accessories;Consumer Cyclical
OPCH;174;Option Care Health Inc;Medical Care Facilities;Healthcare
ORA;175;Ormat Technologies Inc;Utilities - Renewable;Utilities
ORAN;176;Orange ADR;Telecom Services;Communication Services
ORCL;177;Oracle Corp;Software - Infrastructure;Technology
ORI;178;Old Republic International Corp;Insurance - Diversified;Financial Services
ORLY;179;O`Reilly Automotive Inc;Specialty Retail;Consumer Cyclical
OSK;180;Oshkosh Corp;Farm & Heavy Construction Machinery;Industrials
OTEX;181;Open Text Corp;Software - Application;Technology
OTIS;182;Otis Worldwide Corp;Specialty Industrial Machinery;Industrials
OVV;183;Ovintiv Inc;Oil & Gas E&P;Energy
OXY;184;Occidental Petroleum Corp;Oil & Gas E&P;Energy
OZK;185;Bank OZK;Banks - Regional;Financial Services
PAA;186;Plains All American Pipeline LP;Oil & Gas Midstream;Energy
PAC;187;Grupo Aeroportuario del Pacifico S.A.B. de C.V. ADR;Airports & Air Services;Industrials
PAG;188;Penske Automotive Group Inc;Auto & Truck Dealerships;Consumer Cyclical
PAGP;189;Plains GP Holdings LP;Oil & Gas Midstream;Energy
PANW;190;Palo Alto Networks Inc;Software - Infrastructure;Technology
PARA;191;Paramount Global Cl B;Entertainment;Communication Services
PARAA;192;Paramount Global Cl A;Entertainment;Communication Services
PATH;193;UiPath Inc;Software - Infrastructure;Technology
PAYC;194;Paycom Software Inc;Software - Application;Technology
PAYX;195;Paychex Inc;Staffing & Employment Services;Industrials
PB;196;Prosperity Bancshares Inc;Banks - Regional;Financial Services
PBA;197;Pembina Pipeline Corp;Oil & Gas Midstream;Energy
PBF;198;PBF Energy Inc;Oil & Gas Refining & Marketing;Energy
PBI;199;Pitney Bowes Inc;Integrated Freight & Logistics;Industrials
PBR;200;Petroleo Brasileiro S/A ADR;Oil & Gas Integrated;Energy
PBR-A;1;Petrleo Brasileiro S.A. - Petrobras;Oil & Gas Integrated;Energy
PCAR;2;Paccar Inc;Farm & Heavy Construction Machinery;Industrials
PCG;3;PG&E Corp;Utilities - Regulated Electric;Utilities
PCG-PA;4;Pacific Gas and Electric Company;;
PCG-PB;5;Pacific Gas and Electric Company;;
PCOR;6;Procore Technologies Inc;Software - Application;Technology
PCTY;7;Paylocity Holding Corp;Software - Application;Technology
PDCE;8;PDC Energy Inc;Oil & Gas E&P;Energy
PDD;9;Pinduoduo Inc ADR;Internet Retail;Consumer Cyclical
PEAK;10;Healthpeak Properties Inc;REIT - Healthcare Facilities;Real Estate
PEG;11;Public Service Enterprise Group Inc;Utilities - Regulated Electric;Utilities
PEN;12;Penumbra Inc;Medical Devices;Healthcare
PENN;13;PENN Entertainment Inc;Resorts & Casinos;Consumer Cyclical
PEP;14;PepsiCo Inc;Beverages - Non-Alcoholic;Consumer Defensive
PFE;15;Pfizer Inc;Drug Manufacturers - General;Healthcare
PFGC;16;Performance Food Group Co;Food Distribution;Consumer Defensive
PG;17;Procter & Gamble Co;Household & Personal Products;Consumer Defensive
PGR;18;Progressive Corp;Insurance - Property & Casualty;Financial Services
PH;19;Parker Hannifin Corp;Specialty Industrial Machinery;Industrials
PHG;20;Koninklijke Philips N.V. ADR;Medical Devices;Healthcare
PHI;21;PLDT Inc ADR;Telecom Services;Communication Services
PHM;22;PulteGroup Inc;Residential Construction;Consumer Cyclical
PII;23;Polaris Inc;Recreational Vehicles;Consumer Cyclical
PINS;24;Pinterest Inc;Internet Content & Information;Communication Services
PKG;25;Packaging Corp of America;Packaging & Containers;Consumer Cyclical
PKI;26;PerkinElmer Inc;Diagnostics & Research;Healthcare
PKX;27;POSCO Holdings Inc ADR;Steel;Basic Materials
PLD;28;Prologis Inc;REIT - Industrial;Real Estate
PLNT;29;Planet Fitness Inc Cl A;Leisure;Consumer Cyclical
PLTR;30;Palantir Technologies Inc;Software - Infrastructure;Technology
PLUG;31;Plug Power Inc;Electrical Equipment & Parts;Industrials
PM;32;Philip Morris International Inc;Tobacco;Consumer Defensive
PNC;33;PNC Financial Services Group Inc;Banks - Regional;Financial Services
PNFP;34;Pinnacle Financial Partners Inc;Banks - Regional;Financial Services
PNR;35;Pentair Plc;Specialty Industrial Machinery;Industrials
PNW;36;Pinnacle West Capital Corp;Utilities - Regulated Electric;Utilities
PODD;37;Insulet Corp;Medical Devices;Healthcare
POOL;38;Pool Corp;Industrial Distribution;Industrials
POST;39;Post Holdings Inc;Packaged Foods;Consumer Defensive
PPC;40;Pilgrim`s Pride Corp;Packaged Foods;Consumer Defensive
PPG;41;PPG Industries Inc;Specialty Chemicals;Basic Materials
PPL;42;PPL Corp;Utilities - Regulated Electric;Utilities
PRGO;43;Perrigo Co Plc;Drug Manufacturers - Specialty & Generic;Healthcare
PRI;44;Primerica Inc;Insurance - Life;Financial Services
PRU;45;Prudential Financial Inc;Insurance - Life;Financial Services
PSA;46;Public Storage;REIT - Industrial;Real Estate
PSNY;47;Polestar Automotive Holding UK Plc ADR;Auto Manufacturers;Consumer Cyclical
PSO;48;Pearson Plc ADR;Publishing;Communication Services
PSTG;49;Pure Storage Inc Cl A;Computer Hardware;Technology
PSX;50;Phillips 66;Oil & Gas Refining & Marketing;Energy
PTC;51;PTC Inc;Software - Application;Technology
PUK;52;Prudential Plc ADR;Insurance - Life;Financial Services
PWR;53;Quanta Services Inc;Engineering & Construction;Industrials
PXD;54;Pioneer Natural Resources Co;Oil & Gas E&P;Energy
PYCR;55;Paycor HCM Inc;Software - Application;Technology
PYPL;56;PayPal Holdings Inc;Credit Services;Financial Services
QCOM;57;Qualcomm Inc;Semiconductors;Technology
QDEL;58;QuidelOrtho Corp;Medical Instruments & Supplies;Healthcare
QGEN;59;Qiagen N.V.;Diagnostics & Research;Healthcare
QLYS;60;Qualys Inc;Software - Infrastructure;Technology
QRVO;61;Qorvo Inc;Semiconductors;Technology
QSR;62;Restaurant Brands International Inc;Restaurants;Consumer Cyclical
RACE;63;Ferrari N.V.;Auto Manufacturers;Consumer Cyclical
RBA;64;Ritchie Bros. Auctioneers Inc;Specialty Business Services;Industrials
RBC;65;RBC Bearings Inc;Tools & Accessories;Industrials
RBLX;66;Roblox Corp;Electronic Gaming & Multimedia;Communication Services
RCI;67;Rogers Communications Inc Cl B;Telecom Services;Communication Services
RCL;68;Royal Caribbean Group;Travel Services;Consumer Cyclical
RCM;69;R1 RCM Inc;Health Information Services;Healthcare
RDY;70;Dr. Reddy`s Laboratories Ltd ADR;Drug Manufacturers - Specialty & Generic;Healthcare
RE;71;Everest Re Group Ltd;Insurance - Reinsurance;Financial Services
REG;72;Regency Centers Corp;REIT - Retail;Real Estate
REGN;73;Regeneron Pharmaceuticals Inc;Biotechnology;Healthcare
RELX;74;RELX Plc ADR;Publishing;Communication Services
REXR;75;Rexford Industrial Realty Inc;REIT - Industrial;Real Estate
REYN;76;Reynolds Consumer Products Inc;Packaging & Containers;Consumer Cyclical
RF;77;Regions Financial Corp;Banks - Regional;Financial Services
RGA;78;Reinsurance Group of America Inc;Insurance - Reinsurance;Financial Services
RGEN;79;Repligen Corp;Medical Instruments & Supplies;Healthcare
RGLD;80;Royal Gold Inc;Gold;Basic Materials
RH;81;RH;Specialty Retail;Consumer Cyclical
RHI;82;Robert Half International Inc;Staffing & Employment Services;Industrials
RIO;83;Rio Tinto Plc ADR;Other Industrial Metals & Mining;Basic Materials
RIVN;84;Rivian Automotive Inc Cl A;Auto Manufacturers;Consumer Cyclical
RJF;85;Raymond James Financial Inc;Capital Markets;Financial Services
RKT;86;Rocket Cos. Inc;Mortgage Finance;Financial Services
RL;87;Ralph Lauren Corp Cl A;Apparel Manufacturing;Consumer Cyclical
RLI;88;RLI Corp;Insurance - Property & Casualty;Financial Services
RMD;89;ResMed Inc;Medical Instruments & Supplies;Healthcare
RNR;90;RenaissanceRe Holdings Ltd;Insurance - Reinsurance;Financial Services
ROK;91;Rockwell Automation Inc;Specialty Industrial Machinery;Industrials
ROKU;92;Roku Inc Cl A;Entertainment;Communication Services
ROL;93;Rollins Inc;Personal Services;Consumer Cyclical
ROP;94;Roper Technologies Inc;Specialty Industrial Machinery;Industrials
ROST;95;Ross Stores Inc;Apparel Retail;Consumer Cyclical
RPM;96;RPM International Inc;Specialty Chemicals;Basic Materials
RPRX;97;Royalty Pharma Plc;Biotechnology;Healthcare
RRC;98;Range Resources Corp;Oil & Gas E&P;Energy
RRX;99;Regal Rexnord Corp;Specialty Industrial Machinery;Industrials
RS;100;Reliance Steel & Aluminum Co;Steel;Basic Materials
RSG;101;Republic Services Inc;Waste Management;Industrials
RTO;102;Rentokil Initial plc;Specialty Business Services;Industrials
RTX;103;Raytheon Technologies Corp;Aerospace & Defense;Industrials
RY;104;Royal Bank of Canada;Banks - Diversified;Financial Services
RYAAY;105;Ryanair Holdings Plc ADR;Airlines;Industrials
RYAN;106;Ryan Specialty Holdings Inc;Insurance - Specialty;Financial Services
RY-PT;107;Royal Bank of Canada;Banks - Diversified;Financial Services
RZA;108;Reinsurance Group of America Inc 6.2 Fixed-to-Floating Rate Sub. Deb. 2042;Insurance - Property & Casualty;Financial Services
S;109;SentinelOne Inc;Software - Infrastructure;Technology
SAIA;110;Saia Inc;Trucking;Industrials
SAIC;111;Science Applications International Corp;Information Technology Services;Technology
SAN;112;Banco Santander S.A. ADR;Banks - Diversified;Financial Services
SAP;113;SAP SE ADR;Software - Application;Technology
SBAC;114;SBA Communications Corp;REIT - Specialty;Real Estate
SBNY;115;Signature Bank;Banks - Regional;Financial Services
SBS;116;Companhia de Saneamento Basico do Estado de Sao Paulo ADR;Utilities - Regulated Water;Utilities
SBSW;117;Sibanye-Stillwater Ltd ADR;Gold;Basic Materials
SBUX;118;Starbucks Corp;Restaurants;Consumer Cyclical
SCCO;119;Southern Copper Corp;Copper;Basic Materials
SCHW;120;Charles Schwab Corp;Capital Markets;Financial Services
SCI;121;Service Corp International;Personal Services;Consumer Cyclical
SE;122;Sea Ltd ADR;Internet Retail;Consumer Cyclical
SEDG;123;SolarEdge Technologies Inc;Solar;Technology
SEE;124;Sealed Air Corp;Packaging & Containers;Consumer Cyclical
SF;125;Stifel Financial Corp;Capital Markets;Financial Services
SGEN;126;Seagen Inc;Biotechnology;Healthcare
SGFY;127;Signify Health Inc;Health Information Services;Healthcare
SHEL;128;Shell Plc ADR;Oil & Gas Integrated;Energy
SHG;129;Shinhan Financial Group Co Ltd ADR;Banks - Regional;Financial Services
SHOP;130;Shopify Inc Cl A;Software - Application;Technology
SHW;131;Sherwin-Williams Co;Specialty Chemicals;Basic Materials
SIGI;132;Selective Insurance Group Inc;Insurance - Property & Casualty;Financial Services
SIRI;133;Sirius XM Holdings Inc;Entertainment;Communication Services
SITE;134;SiteOne Landscape Supply Inc;Industrial Distribution;Industrials
SIVB;135;SVB Financial Group;Banks - Regional;Financial Services
SJM;136;J.M. Smucker Co;Packaged Foods;Consumer Defensive
SJR;137;Shaw Communications Inc Cl B NV;Telecom Services;Communication Services
SKM;138;SK Telecom Co Ltd ADR;Telecom Services;Communication Services
SKX;139;Skechers USA Inc Cl A;Footwear & Accessories;Consumer Cyclical
SLB;140;Schlumberger Ltd;Oil & Gas Equipment & Services;Energy
SLF;141;Sun Life Financial Inc;Insurance - Diversified;Financial Services
SLGN;142;Silgan Holdings Inc;Packaging & Containers;Consumer Cyclical
SLG-PI;143;SL Green Realty Corp;REIT - Office;Real Estate
SLM;144;SLM Corp;Credit Services;Financial Services
SM;145;SM Energy Co;Oil & Gas E&P;Energy
SMFG;146;Sumitomo Mitsui Financial Group Inc ADR;Banks - Diversified;Financial Services
SNA;147;Snap-On Inc;Tools & Accessories;Industrials
SNAP;148;Snap Inc;Internet Content & Information;Communication Services
SNN;149;Smith & Nephew Plc ADR;Medical Devices;Healthcare
SNOW;150;Snowflake Inc;Software - Application;Technology
SNPS;151;Synopsys Inc;Software - Infrastructure;Technology
SNV;152;Synovus Financial Corp;Banks - Regional;Financial Services
SNX;153;TD SYNNEX Corp;Electronics & Computer Distribution;Technology
SNY;154;Sanofi ADR;Drug Manufacturers - General;Healthcare
SO;155;Southern Co;Utilities - Regulated Electric;Utilities
SOFI;156;SoFi Technologies Inc;Credit Services;Financial Services
SOJC;157;Southern Co 5.25 Jr. Sub. Notes 120177 Series 2017B;;
SON;158;Sonoco Products Co;Packaging & Containers;Consumer Cyclical
SONY;159;Sony Group Corp ADR;Consumer Electronics;Technology
SPG;160;Simon Property Group Inc;REIT - Retail;Real Estate
SPGI;161;S&P Global Inc;Financial Data & Stock Exchanges;Financial Services
SPG-PJ;162;Simon Property Group Inc;REIT - Retail;Real Estate
SPLK;163;Splunk Inc;Software - Infrastructure;Technology
SPOT;164;Spotify Technology S.A.;Internet Content & Information;Communication Services
SQ;165;Block Inc;Software - Infrastructure;Technology
SQM;166;Sociedad Quimica y Minera De Chile S.A. ADR;Specialty Chemicals;Basic Materials
SRC;167;Spirit Realty Capital Inc;REIT - Diversified;Real Estate
SRE;168;Sempra;Utilities - Diversified;Utilities
SRPT;169;Sarepta Therapeutics Inc;Biotechnology;Healthcare
SSB;170;SouthState Corp;Banks - Regional;Financial Services
SSL;171;Sasol Ltd ADR;Specialty Chemicals;Basic Materials
SSNC;172;SS&C Technologies Holdings Inc;Software - Application;Technology
ST;173;Sensata Technologies Holding Plc;Scientific & Technical Instruments;Technology
STAG;174;STAG Industrial Inc;REIT - Industrial;Real Estate
STE;175;Steris Plc;Medical Devices;Healthcare
STLA;176;Stellantis N.V.;Auto Manufacturers;Consumer Cyclical
STLD;177;Steel Dynamics Inc;Steel;Basic Materials
STM;178;STMicroelectronics N.V.;Semiconductors;Technology
STN;179;Stantec Inc;Engineering & Construction;Industrials
STOR;180;STORE Capital Corp;REIT - Diversified;Real Estate
STWD;181;Starwood Property Trust Inc;REIT - Mortgage;Real Estate
STX;182;Seagate Technology Holdings Plc;Computer Hardware;Technology
STZ;183;Constellation Brands Inc Cl A;Beverages - Wineries & Distilleries;Consumer Defensive
SU;184;Suncor Energy Inc;Oil & Gas Integrated;Energy
SUI;185;Sun Communities Inc;REIT - Residential;Real Estate
SUZ;186;Suzano S/A ADR;Paper & Paper Products;Basic Materials
SWAV;187;Shockwave Medical Inc;Medical Devices;Healthcare
SWCH;188;Switch Inc Cl A;Information Technology Services;Technology
SWK;189;Stanley Black & Decker Inc;Tools & Accessories;Industrials
SWKS;190;Skyworks Solutions Inc;Semiconductors;Technology
SWN;191;Southwestern Energy Co;Oil & Gas E&P;Energy
SYF;192;Synchrony Financial;Credit Services;Financial Services
SYK;193;Stryker Corp;Medical Devices;Healthcare
SYNH;194;Syneos Health Inc Cl A;Diagnostics & Research;Healthcare
SYY;195;Sysco Corp;Food Distribution;Consumer Defensive
T;196;AT&T Inc;Telecom Services;Communication Services
TAK;197;Takeda Pharmaceutical Co Ltd ADR;Drug Manufacturers - Specialty & Generic;Healthcare
TAP;198;Molson Coors Beverage Co Cl B;Beverages - Brewers;Consumer Defensive
TBB;199;AT&T Inc 5.35 Global Notes due 2066;Telecom Services;Communication Services
TCOM;200;Trip.com Group Ltd ADR;Travel Services;Consumer Cyclical
TD;1;Toronto-Dominion Bank;Banks - Diversified;Financial Services
TDG;2;TransDigm Group Inc;Aerospace & Defense;Industrials
TDY;3;Teledyne Technologies Inc;Scientific & Technical Instruments;Technology
TEAM;4;Atlassian Corp Cl A;Software - Application;Technology
TECH;5;Bio-Techne Corp;Biotechnology;Healthcare
TECK;6;Teck Resources Ltd Cl B;Other Industrial Metals & Mining;Basic Materials
TEF;7;Telefonica S.A. ADR;Telecom Services;Communication Services
TEL;8;TE Connectivity Ltd;Electronic Components;Technology
TER;9;Teradyne Inc;Semiconductor Equipment & Materials;Technology
TEVA;10;Teva Pharmaceutical Industries Ltd ADR;Drug Manufacturers - Specialty & Generic;Healthcare
TFC;11;Truist Financial Corp;Banks - Regional;Financial Services
TFII;12;TFI International Inc;Trucking;Industrials
TFX;13;Teleflex Inc;Medical Instruments & Supplies;Healthcare
TGNA;14;TEGNA Inc;Broadcasting;Communication Services
TGT;15;Target Corp;Discount Stores;Consumer Defensive
THC;16;Tenet Healthcare Corp;Medical Care Facilities;Healthcare
THG;17;Hanover Insurance Group Inc;Insurance - Property & Casualty;Financial Services
TIMB;18;TIM S/A ADR;Telecom Services;Communication Services
TIXT;19;TELUS International (Cda) Inc;Software - Infrastructure;Technology
TJX;20;TJX Cos.;Apparel Retail;Consumer Cyclical
TLK;21;Telekomunikasi Indonesia ADR;Telecom Services;Communication Services
TM;22;Toyota Motor Corp ADR;Auto Manufacturers;Consumer Cyclical
TME;23;Tencent Music Entertainment Group ADR;Internet Content & Information;Communication Services
TMO;24;Thermo Fisher Scientific Inc;Diagnostics & Research;Healthcare
TMUS;25;T-Mobile US Inc;Telecom Services;Communication Services
TOL;26;Toll Brothers Inc;Residential Construction;Consumer Cyclical
TOST;27;Toast Inc;Software - Infrastructure;Technology
TPL;28;Texas Pacific Land Corp;Oil & Gas E&P;Energy
TPR;29;Tapestry Inc;Luxury Goods;Consumer Cyclical
TREX;30;Trex Co Inc;Building Products & Equipment;Industrials
TRGP;31;Targa Resources Corp;Oil & Gas Midstream;Energy
TRI;32;Thomson Reuters Corp;Specialty Business Services;Industrials
TRMB;33;Trimble Inc;Scientific & Technical Instruments;Technology
TRP;34;TC Energy Corp;Oil & Gas Midstream;Energy
TRQ;35;Turquoise Hill Resources Ltd;Copper;Basic Materials
TRU;36;TransUnion;Consulting Services;Industrials
TRV;37;Travelers Cos. Inc;Insurance - Property & Casualty;Financial Services
TS;38;Tenaris S.A. ADR;Oil & Gas Equipment & Services;Energy
TSCO;39;Tractor Supply Co;Specialty Retail;Consumer Cyclical
TSLA;40;Tesla Inc;Auto Manufacturers;Consumer Cyclical
TSM;41;Taiwan Semiconductor Manufacturing Co Ltd ADR;Semiconductors;Technology
TSN;42;Tyson Foods Inc Cl A;Farm Products;Consumer Defensive
TT;43;Trane Technologies Plc;Building Products & Equipment;Industrials
TTC;44;Toro Co;Tools & Accessories;Industrials
TTD;45;Trade Desk Inc Cl A;Software - Application;Technology
TTE;46;TotalEnergies SE ADR;Oil & Gas Integrated;Energy
TTEK;47;Tetra Tech Inc;Engineering & Construction;Industrials
TTM;48;Tata Motors Ltd ADR;Auto Manufacturers;Consumer Cyclical
TTWO;49;Take-Two Interactive Software Inc;Electronic Gaming & Multimedia;Communication Services
TU;50;TELUS Corp;Telecom Services;Communication Services
TW;51;Tradeweb Markets Inc;Capital Markets;Financial Services
TWLO;52;Twilio Inc Cl A;Internet Content & Information;Communication Services
TWTR;53;Twitter Inc;Internet Content & Information;Communication Services
TX;54;TERNIUM S.A. ADR;Steel;Basic Materials
TXN;55;Texas Instruments Inc;Semiconductors;Technology
TXRH;56;Texas Roadhouse Inc;Restaurants;Consumer Cyclical
TXT;57;Textron Inc;Aerospace & Defense;Industrials
TYL;58;Tyler Technologies Inc;Software - Application;Technology
U;59;Unity Software Inc;Software - Application;Technology
UAL;60;United Airlines Holdings Inc;Airlines;Industrials
UBER;61;Uber Technologies Inc;Software - Application;Technology
UBS;62;UBS Group AG;Banks - Diversified;Financial Services
UBSI;63;United Bankshares Inc;Banks - Regional;Financial Services
UDR;64;UDR Inc;REIT - Residential;Real Estate
UGI;65;UGI Corp;Utilities - Regulated Gas;Utilities
UHAL;66;Amerco;Rental & Leasing Services;Industrials
UHS;67;Universal Health Services Inc Cl B;Medical Care Facilities;Healthcare
UI;68;Ubiquiti Inc;Communication Equipment;Technology
UL;69;Unilever Plc ADR;Household & Personal Products;Consumer Defensive
ULTA;70;Ulta Beauty Inc;Specialty Retail;Consumer Cyclical
UMC;71;United Microelectronics Corp ADR;Semiconductors;Technology
UNH;72;UnitedHealth Group Inc;Healthcare Plans;Healthcare
UNM;73;Unum Group;Insurance - Life;Financial Services
UNMA;74;Unum Group 6.25 Jr. Sub. Notes 061558;;
UNP;75;Union Pacific Corp;Railroads;Industrials
UPS;76;United Parcel Service Inc Cl B;Integrated Freight & Logistics;Industrials
URI;77;United Rentals Inc;Rental & Leasing Services;Industrials
USB;78;U.S. Bancorp;Banks - Regional;Financial Services
USFD;79;US Foods Holding Corp;Food Distribution;Consumer Defensive
UTHR;80;United Therapeutics Corp;Biotechnology;Healthcare
UWMC;81;UWM Holdings Corp;Mortgage Finance;Financial Services
V;82;Visa Inc Cl A;Credit Services;Financial Services
VAC;83;Marriott Vacations Worldwide Corp;Resorts & Casinos;Consumer Cyclical
VALE;84;Vale S.A. ADR;Other Industrial Metals & Mining;Basic Materials
VEEV;85;Veeva Systems Inc Cl A;Health Information Services;Healthcare
VFC;86;VF Corp;Apparel Manufacturing;Consumer Cyclical
VICI;87;VICI Properties Inc;REIT - Diversified;Real Estate
VIV;88;Telefonica Brasil S.A. ADR;Telecom Services;Communication Services
VLO;89;Valero Energy Corp;Oil & Gas Refining & Marketing;Energy
VLY;90;Valley National Bancorp;Banks - Regional;Financial Services
VMC;91;Vulcan Materials Co;Building Materials;Basic Materials
VMI;92;Valmont Industries Inc;Conglomerates;Industrials
VMW;93;VMware Inc;Software - Infrastructure;Technology
VNOM;94;Viper Energy Partners LP Un;Oil & Gas Midstream;Energy
VNO-PL;95;Vornado Realty Trust;REIT - Office;Real Estate
VOD;96;Vodafone Group Plc ADR;Telecom Services;Communication Services
VOYA;97;Voya Financial Inc;Financial Conglomerates;Financial Services
VRSK;98;Verisk Analytics Inc;Consulting Services;Industrials
VRSN;99;VeriSign Inc;Software - Infrastructure;Technology
VRT;100;Vertiv Holdings LLC;Electrical Equipment & Parts;Industrials
VRTX;101;Vertex Pharmaceuticals Inc;Biotechnology;Healthcare
VST;102;Vistra Corp;Utilities - Independent Power Producers;Utilities
VTR;103;Ventas Inc;REIT - Healthcare Facilities;Real Estate
VTRS;104;Viatris Inc;Drug Manufacturers - Specialty & Generic;Healthcare
VVV;105;Valvoline Inc;Oil & Gas Refining & Marketing;Energy
VZ;106;Verizon Communications Inc;Telecom Services;Communication Services
WAB;107;Wabtec;Railroads;Industrials
WAL;108;Western Alliance Bancorp.;Banks - Regional;Financial Services
WAT;109;Waters Corp;Diagnostics & Research;Healthcare
WBA;110;Walgreens Boots Alliance Inc;Pharmaceutical Retailers;Healthcare
WBD;111;Warner Bros. Discovery Inc Series A;Entertainment;Communication Services
WBS;112;Webster Financial Corp;Banks - Regional;Financial Services
WCC;113;Wesco International Inc;Industrial Distribution;Industrials
WCN;114;Waste Connections Inc;Waste Management;Industrials
WDAY;115;Workday Inc Cl A;Software - Application;Technology
WDC;116;Western Digital Corp;Computer Hardware;Technology
WDS;117;Woodside Energy Group Ltd ADR;Oil & Gas E&P;Energy
WEC;118;WEC Energy Group Inc;Utilities - Regulated Electric;Utilities
WELL;119;Welltower Inc;REIT - Healthcare Facilities;Real Estate
WES;120;Western Midstream Partners LP;Oil & Gas Midstream;Energy
WEX;121;WEX Inc;Software - Infrastructure;Technology
WF;122;Woori Financial Group Inc ADR;Banks - Regional;Financial Services
WFC;123;Wells Fargo & Co;Banks - Diversified;Financial Services
WFG;124;West Fraser Timber Co Ltd;Lumber & Wood Production;Basic Materials
WH;125;Wyndham Hotels & Resorts Inc;Lodging;Consumer Cyclical
WHR;126;Whirlpool Corp;Furnishings Fixtures & Appliances;Consumer Cyclical
WIT;127;Wipro Ltd ADR;Information Technology Services;Technology
WLK;128;Westlake Corp;Specialty Chemicals;Basic Materials
WM;129;Waste Management Inc;Waste Management;Industrials
WMB;130;Williams Cos.;Oil & Gas Midstream;Energy
WMG;131;Warner Music Group Corp;Entertainment;Communication Services
WMS;132;Advanced Drainage Systems Inc;Building Products & Equipment;Industrials
WMT;133;Walmart Inc;Discount Stores;Consumer Defensive
WOLF;134;Wolfspeed Inc;Semiconductors;Technology
WPC;135;W. P. Carey Inc;REIT - Diversified;Real Estate
WPM;136;Wheaton Precious Metals Corp;Gold;Basic Materials
WPP;137;WPP Plc ADR;Advertising Agencies;Communication Services
WRB;138;W.R. Berkley Corp;Insurance - Property & Casualty;Financial Services
WRK;139;WestRock Co;Packaging & Containers;Consumer Cyclical
WSC;140;WillScot Mobile Mini Holdings Corp;Rental & Leasing Services;Industrials
WSM;141;Williams-Sonoma Inc;Specialty Retail;Consumer Cyclical
WSO;142;Watsco Inc;Industrial Distribution;Industrials
WST;143;West Pharmaceutical Services Inc;Medical Instruments & Supplies;Healthcare
WTFC;144;Wintrust Financial Corp;Banks - Regional;Financial Services
WTRG;145;Essential Utilities Inc;Utilities - Regulated Water;Utilities
WTW;146;Willis Towers Watson Plc;Insurance Brokers;Financial Services
WU;147;Western Union Co;Credit Services;Financial Services
WWD;148;Woodward Inc;Aerospace & Defense;Industrials
WWE;149;World Wrestling Entertainment Inc Cl A;Entertainment;Communication Services
WY;150;Weyerhaeuser Co;REIT - Specialty;Real Estate
WYNN;151;Wynn Resorts Ltd;Resorts & Casinos;Consumer Cyclical
XEL;152;Xcel Energy Inc;Utilities - Regulated Electric;Utilities
XM;153;Qualtrics International Inc;Software - Application;Technology
XOM;154;Exxon Mobil Corp;Oil & Gas Integrated;Energy
XP;155;XP Inc Cl A;Capital Markets;Financial Services
XPEV;156;XPeng Inc ADR;Auto Manufacturers;Consumer Cyclical
XPO;157;XPO Logistics Inc;Integrated Freight & Logistics;Industrials
XRAY;158;Dentsply Sirona Inc;Medical Instruments & Supplies;Healthcare
XYL;159;Xylem Inc;Specialty Industrial Machinery;Industrials
YMM;160;Full Truck Alliance Co Ltd ADR;Software - Application;Technology
YPF;161;YPF S.A. ADR;Oil & Gas Integrated;Energy
YUM;162;Yum! Brands Inc;Restaurants;Consumer Cyclical
YUMC;163;Yum China Holdings Inc;Restaurants;Consumer Cyclical
Z;164;Zillow Group Inc Cl C;Internet Content & Information;Communication Services
ZBH;165;Zimmer Biomet Holdings Inc;Medical Devices;Healthcare
ZBRA;166;Zebra Technologies Corp Cl A;Communication Equipment;Technology
ZEN;167;Zendesk Inc;Software - Application;Technology
ZG;168;Zillow Group Inc Cl A;Internet Content & Information;Communication Services
ZI;169;ZoomInfo Technologies Inc;Software - Application;Technology
ZION;170;Zions Bancorp N.A.;Banks - Regional;Financial Services
ZM;171;Zoom Video Communications Inc;Software - Application;Technology
ZNH;172;China Southern Airlines Co Ltd ADR;Airlines;Industrials
ZS;173;Zscaler Inc;Software - Infrastructure;Technology
ZTO;174;ZTO Express (Cayman) Inc ADR;Integrated Freight & Logistics;Industrials
ZTS;175;Zoetis Inc;Drug Manufacturers - Specialty & Generic;Healthcare
