Symbol,reqID
XELAP,1
CSSEL,2
DIP,3
LBBBW,4
WTFCP,5
HTLFP,6
BWAQR,7
COMSP,8
BWBBP,9
MNSBP,10
GROM,11
QTNT,12
EFSCP,13
AUUDW,14
BXRX,15
OTRKP,16
WHLRP,17
INM,18
SNES,19
RHE-PA,20
KAL,21
GMVD,22
CRKN,23
DRMA,24
ENSC,25
VS,26
GMBLP,27
CYBN,28
FRGT,29
KSPN,30
SYTA,31
EJH,32
METX,33
NBY,34
SPRC,35
TANH,36
SMIT,37
ALLR,38
MTC,39
NVFY,40
CNXA,41
CETXP,42
EDBL,43
CNSP,44
NVIV,45
AREB,46
MTP,47
NUWE,48
SXTC,49
JZXN,50
BBLG,51
BRSH,52
FWBI,53
XCUR,54
KPRX,55
PBLA,56
RSLS,57
RBCN,58
PALI,59
SVFD,60
EFOI,61
AHPI,62
VIVE,63
AMPE,64
HOTH,65
FRTX,66
CFRX,67
VINO,68
TOPS,69
SLRX,70
KRBP,71
MYO,72
CETX,73
SONN,74
BNTC,75
ELYS,76
YVR,77
DUO,78
PTPI,79
ACON,80
CUEN,81
EAST,82
SNOA,83
SQL,84
KERN,85
MEDS,86
BIOL,87
DXF,88
HSTO,89
MDRRP,90
MYSZ,91
PHGE,92
ONCS,93
PT,94
SCPS,95
PTE,96
UUU,97
MOBQ,98
THMO,99
ENVB,100
BLBX,101
VIRI,102
ADD,103
BRQS,104
OBLG,105
ASAP,106
SINT,107
REVB,108
SSY,109
OP,110
VYNT,111
AKAN,112
UFAB,113
CWBR,114
CYRN,115
LGMK,116
ADIL,117
CYTO,118
CCNC,119
UTRS,120
RHE,121
CELZ,122
SASI,123
NEPT,124
PHIO,125
WAFDP,126
AEHL,127
XBIO,128
MOTS,129
EVOK,130
REVBU,131
IFBD,132
NBRV,133
PLXP,134
RNAZ,135
JAN,136
INVO,137
IBIO,138
STAB,139
GBR,140
INPX,141
PRFX,142
BHAT,143
RIBT,144
ELOX,145
QLGN,146
TCBIO,147
MIND,148
RCRT,149
SLNHP,150
TENX,151
UNAM,152
CPHI,153
MOB,154
NCPL,155
SNTG,156
ATXI,157
VLON,158
IONM,159
HILS,160
CYAN,161
JXJT,162
ADTX,163
NUZE,164
CALA,165
BKYI,166
PIK,167
NBSE,168
SPCB,169
ASPU,170
DBGI,171
WORX,172
XTLB,173
WINT,174
SIVBP,175
FCNCP,176
LUCY,177
UK,178
OTIC,179
AIHS,180
GMBL,181
GNLN,182
GFAI,183
HSDT,184
INBS,185
KALA,186
ITP,187
PTIX,188
AGFY,189
CLXT,190
SVRE,191
STAF,192
MINM,193
GLMD,194
GNS,195
SLNO,196
QH,197
AEMD,198
HTGM,199
QNRX,200
SLNH,201
WISA,202
HCDI,203
ANPC,204
BLPH,205
AMST,206
LCFY,207
IMH,208
NVOS,209
SBET,210
CEAD,211
COMS,212
ARTL,213
VVOS,214
TRKA,215
BLCM,216
XPON,217
MSGM,218
AGRX,219
YTEN,220
ADXN,221
VVPR,222
AYLA,223
NEXI,224
RKDA,225
LIXT,226
OXBR,227
CMND,228
SFET,229
LMFA,230
EFSH,231
BAOS,232
BACK,233
ASNS,234
GRNQ,235
NAVB,236
COEP,237
QUMU,238
DATS,239
BON,240
AVGR,241
AMBO,242
BJDX,243
OPGN,244
TIVC,245
DYNT,246
VRPX,247
TYDE,248
MTEK,249
VBLT,250
PIXY,251
TOVX,252
JFBR,253
HALL,254
BPTS,255
CYCC,256
VQS,257
KWE,258
TCDA,259
LSF,260
REED,261
WLDS,262
LEDS,263
TIRX,264
ONFO,265
ARTW,266
EBET,267
FUV,268
NSPR,269
AHG,270
ACGLN,271
EVK,272
STKH,273
GHSI,274
HIHO,275
WAFU,276
SMFL,277
BIOC,278
KZIA,279
GWAV,280
HSCS,281
IMNN,282
ONCR,283
ZEST,284
MDGS,285
VRME,286
EXN,287
VYNE,288
WAVD,289
WHLRD,290
IMTE,291
CING,292
TTOO,293
MFH,294
EZFL,295
AWX,296
UNCY,297
IMCC,298
NRBO,299
OTRK,300
NEPH,301
BIMI,302
IPDN,303
TAOP,304
TVE,305
RELI,306
SILO,307
SOFO,308
PXSAP,309
MSN,310
TOMZ,311
BRTX,312
KBNT,313
STSS,314
RMED,315
CLWT,316
ALRN,317
BTCS,318
HCTI,319
IVDA,320
NAOV,321
ATNF,322
CEMI,323
BSFC,324
JVA,325
PSTV,326
LHDX,327
XRTX,328
UTME,329
SGTX,330
FAMI,331
FORD,332
AUVIP,333
RMTI,334
AUVI,335
DTST,336
CNTX,337
FEMY,338
EZGO,339
SBNYP,340
IMRN,341
IHT,342
MDRR,343
CDIO,344
ISPC,345
MITQ,346
DFFN,347
CTIB,348
GIPR,349
ERNA,350
NURO,351
BPTH,352
AUST,353
GRAY,354
SQFT,355
APCX,356
NXGL,357
TUEM,358
MINDP,359
GIGM,360
OBSV,361
KTRA,362
ATHX,363
AIMD,364
DGHI,365
SRGA,366
GYRO,367
LMNL,368
AYTU,369
MCVT,370
BTBD,371
LABP,372
ACOR,373
PULM,374
BOSC,375
JCSE,376
IKT,377
DXYN,378
TRVN,379
OLB,380
HYRE,381
NDRA,382
VGFC,383
HAPP,384
INDP,385
ITRM,386
AUUD,387
TTNP,388
PALT,389
REUN,390
BLIN,391
OST,392
CREX,393
PRPO,394
EDSA,395
SOBR,396
PSHG,397
RUBY,398
IPW,399
DUOT,400
PYPD,401
IINN,402
STRR,403
MGAM,404
LTRY,405
KIQ,406
HGEN,407
MICS,408
PRSO,409
CLRB,410
IVC,411
SCKT,412
SGBX,413
ATHE,414
LASE,415
MTCR,416
CRBP,417
AIU,418
NCRA,419
FRZA,420
ONVO,421
CYTH,422
SECO,423
HZN,424
VRAX,425
SRZN,426
TPST,427
DRUG,428
RVSN,429
SPK,430
SBIG,431
CBIO,432
IDW,433
FOXO,434
NXPL,435
NNVC,436
APTX,437
NXL,438
ATIF,439
IMBI,440
GOVX,441
DGLY,442
ACST,443
XELA,444
ONTX,445
AIRI,446
IMPPP,447
MCLD,448
SBFM,449
HLBZ,450
NXTP,451
GVP,452
STRY,453
XELB,454
TSRI,455
MARPS,456
CHNR,457
WHLR,458
KINS,459
BNSO,460
ISIG,461
SQFTP,462
COHN,463
ELSE,464
SIF,465
YOSH,466
VERB,467
NERV,468
AHI,469
PEGY,470
VJET,471
VINE,472
BIAF,473
ERYP,474
PFIN,475
NMTR,476
PETZ,477
IDAI,478
FEDU,479
GEHI,480
BTTR,481
AIM,482
LIQT,483
CARV,484
SOS,485
JWEL,486
RDHL,487
VISL,488
ASTC,489
SSNT,490
IMV,491
AGRI,492
JCTCF,493
WYY,494
JAGX,495
IDRA,496
AMS,497
REBN,498
LEXX,499
EFTR,500
PW,501
BRFH,502
NLSP,503
VEEE,504
PZG,505
CHEK,506
ZKIN,507
AEZS,508
ENTX,509
MRAI,510
ALIM,511
MLGO,512
NRSN,513
RNXT,514
SGLY,515
FGFPP,516
CNFR,517
HTCR,518
CNTG,519
BWV,520
APM,521
CLVR,522
OCG,523
GAME,524
EKSO,525
GENE,526
WHLM,527
ACRX,528
STRRP,529
NCTY,530
CYCCP,531
RETO,532
AEY,533
APDN,534
BTOG,535
SLGG,536
MF,537
MRIN,538
TMBR,539
EDTK,540
AUID,541
AMPG,542
TRT,543
NLTX,544
TC,545
LFMDP,546
BOXD,547
BSGM,548
DTEA,549
GREE,550
PBTS,551
KUKE,552
TNXP,553
COCP,554
APVO,555
ISUN,556
OGEN,557
VERO,558
BVXV,559
CPOP,560
AIKI,561
AYRO,562
GLS,563
NVVE,564
MDJH,565
LEJU,566
IGC,567
VIVK,568
FBRX,569
ARDS,570
CKX,571
CREG,572
UIHC,573
BQ,574
FWP,575
TAIT,576
INLX,577
AFGC,578
CDAK,579
SONM,580
FPAY,581
CHRA,582
CANF,583
JUPW,584
LGL,585
AGE,586
YMTX,587
CLIR,588
BRLI,589
DS,590
GLBS,591
DALN,592
ELEV,593
QTT,594
CFMS,595
PETV,596
OSA,597
MARK,598
SIOX,599
FGI,600
TNON,601
CNEY,602
MOGU,603
WAVE,604
VINC,605
GSUN,606
WTER,607
ABVC,608
ENSV,609
SNGX,610
BSQR,611
ECOR,612
ANY,613
MIGI,614
BNRG,615
LSTA,616
SEAC,617
ARBK,618
ELTK,619
FGF,620
XIN,621
APRE,622
XOMAP,623
NISN,624
POLA,625
AGLE,626
DLPN,627
CYAD,628
BFRI,629
SALM,630
CASI,631
GRIL,632
BOXL,633
ALR,634
GCTK,635
QNCX,636
JSPR,637
KTTA,638
CNET,639
APGN,640
CDZIP,641
SDIG,642
VEDU,643
MPTI,644
AFIB,645
VTGN,646
PXMD,647
GTEC,648
WLMS,649
FLGC,650
STRN,651
SPRB,652
BTCM,653
FTFT,654
HCDIP,655
ILAG,656
CLPS,657
QTEK,658
ACHV,659
IMMX,660
MRKR,661
GBNY,662
OG,663
ZIVO,664
HARP,665
AEI,666
CYN,667
MTEM,668
SDPI,669
APRN,670
FRMEP,671
HEPA,672
LUMO,673
RGLS,674
WKSP,675
ATNX,676
TBLT,677
LODE,678
RAVE,679
CTHR,680
CMMB,681
CVR,682
EAR,683
LCI,684
PPSI,685
SIEN,686
DERM,687
SNAX,688
STSA,689
GLBZ,690
YCBD,691
HPCO,692
NHWK,693
SHPW,694
CMRA,695
RVYL,696
VLCN,697
NVCN,698
SVT,699
MOXC,700
MXC,701
AATC,702
ANGN,703
ZENV,704
NH,705
MDIA,706
TKAT,707
TFFP,708
TPHS,709
NYC,710
ADMP,711
APWC,712
FFHL,713
EEIQ,714
PATI,715
PEI,716
OCC,717
OIG,718
ZYNE,719
IRNT,720
SWVL,721
CYCN,722
WKEY,723
SQZ,724
PMD,725
AKTX,726
FOXW,727
OPHC,728
TCON,729
EDUC,730
SGRP,731
MDVL,732
EVGN,733
MODD,734
BRN,735
PPBT,736
MRM,737
SSKN,738
SNT,739
CLVS,740
ADRT,741
TLIS,742
BBGI,743
LPTH,744
CGRN,745
CLAYU,746
SGMA,747
NTRB,748
LFLY,749
RCON,750
TISI,751
DSS,752
PLUR,753
CLAY,754
DRTT,755
WVVI,756
LOV,757
BWAY,758
PEV,759
PCSA,760
ZCMD,761
ENG,762
FENG,763
USEA,764
HUGE,765
VCNX,766
BCDA,767
LYT,768
MEIP,769
GTIM,770
ISO,771
CPIX,772
DCTH,773
SISI,774
DPRO,775
MTR,776
NCMI,777
WTRE,778
LNSR,779
POAI,780
RKLY,781
ABIO,782
MTBCO,783
ELDN,784
SNPX,785
TGL,786
AAU,787
OPTT,788
JNCE,789
BTTX,790
AVCT,791
UPH,792
MBOT,793
TARA,794
POCI,795
CLEU,796
NTWK,797
MNPR,798
FGBIP,799
ID,800
INUV,801
GURE,802
RNWK,803
DAIO,804
AVRO,805
SOHO,806
AMAO,807
ZDGE,808
AMAOU,809
DTSS,810
LXEH,811
BIOR,812
ASLN,813
MDNA,814
WTT,815
JT,816
EICA,817
ESP,818
MEGL,819
NOVN,820
DNAY,821
VEV,822
GANX,823
USAU,824
PBBK,825
UAVS,826
IRIX,827
POWWP,828
DYAI,829
SFT,830
MAIA,831
FRLN,832
SOPA,833
BCEL,834
LPCN,835
RMCF,836
UPC,837
CCEL,838
VIAO,839
NOVV,840
FRSX,841
XPL,842
AWRE,843
COE,844
NXTC,845
MSVB,846
AUD,847
NYMX,848
NSYS,849
HUSA,850
TCRX,851
OMQS,852
QLI,853
SRAX,854
IDN,855
DXR,856
SIDU,857
ICCM,858
SERA,859
WVVIP,860
EVTV,861
GLTO,862
UTSI,863
CLRO,864
BFI,865
CVV,866
MBRX,867
SPI,868
PTN,869
TLF,870
CDTX,871
XOMAO,872
NCNA,873
BWEN,874
FNCH,875
APLT,876
SNMP,877
NM,878
BTCY,879
ALGS,880
SHPH,881
NPCE,882
PNBK,883
UBX,884
OKYO,885
ZEV,886
RILYL,887
SBEV,888
IZEA,889
MTEX,890
NHTC,891
LIZI,892
GRFX,893
AGAE,894
PYXS,895
NILE,896
AIH,897
XGN,898
PMN,899
LITM,900
DOGZ,901
AGMH,902
DRCT,903
CSPI,904
INFI,905
TECTP,906
HRTG,907
CHCI,908
TAYD,909
EUCRU,910
DMAC,911
CPSH,912
MLSS,913
EUCR,914
EQ,915
MLAC,916
XWEL,917
MPACU,918
NMTC,919
MBIO,920
ICD,921
ISR,922
CNNB,923
ALBT,924
MNDO,925
TCRR,926
AWH,927
CORR,928
CRDL,929
SABS,930
BKTI,931
VMAR,932
ADES,933
REKR,934
ATXG,935
HOOK,936
MPAC,937
FSI,938
ACXP,939
DHAC,940
DHACU,941
WWR,942
MOGO,943
ICAD,944
FKWL,945
AUGX,946
BLRX,947
GETR,948
BYSI,949
UGRO,950
AQB,951
SHFS,952
AUMN,953
CVU,954
ZVSA,955
CXDO,956
FTEK,957
RFL,958
TESS,959
BEAT,960
MESA,961
ESOA,962
AZ,963
MBNKP,964
VTSI,965
VNTR,966
TRIB,967
KEQU,968
MTMT,969
GSIT,970
KIRK,971
CRVS,972
MDWT,973
IMNM,974
AMTI,975
VAPO,976
CYT,977
LPTX,978
LUXH,979
EVAX,980
PESI,981
ACHL,982
NAII,983
CNTB,984
ASPI,985
NICK,986
UAMY,987
SYBX,988
AACG,989
ICCH,990
KLR,991
BMRA,992
LFVN,993
NYMTZ,994
SYPR,995
KRKR,996
GTBP,997
AQMS,998
FEIM,999
GRTX,1000
AAME,1001
EDRY,1002
FUSB,1003
INAB,1004
ZIONP,1005
FURY,1006
PFIE,1007
PME,1008
IMUX,1009
CORZ,1010
SLS,1011
AQST,1012
OCX,1013
SLDB,1014
MTRYU,1015
TKLF,1016
LVO,1017
APT,1018
BREZ,1019
MTBC,1020
RWLK,1021
AEYE,1022
AVYA,1023
INDO,1024
UG,1025
KTCC,1026
GP,1027
MDWD,1028
CADL,1029
ITRG,1030
TCBS,1031
VRAR,1032
ABEO,1033
CTSO,1034
ICCC,1035
JFU,1036
SURF,1037
SANW,1038
NMRD,1039
BOLT,1040
ONCT,1041
HHGC,1042
GAIA,1043
SIEB,1044
EMKR,1045
DSWL,1046
BNOX,1047
HHGCU,1048
NLS,1049
AERC,1050
MMMB,1051
BDL,1052
NTIP,1053
TATT,1054
NVNO,1055
RFIL,1056
RPHM,1057
TZOO,1058
SNSE,1059
PLTNU,1060
QOMOU,1061
DWSN,1062
ICLK,1063
PGRWU,1064
DUNEU,1065
GEOS,1066
PGRW,1067
DUNE,1068
CRIS,1069
CJJD,1070
ACER,1071
RGS,1072
TALS,1073
SFR,1074
USIO,1075
NSTS,1076
AVTX,1077
NOGN,1078
WMC,1079
KOSS,1080
ICU,1081
JRSH,1082
CFSB,1083
GRCY,1084
RILYP,1085
ELVT,1086
PAFO,1087
PAFOU,1088
GRCYU,1089
MBTC,1090
MBTCU,1091
KAVL,1092
LTBR,1093
BTN,1094
AP,1095
CMCM,1096
CULP,1097
ORTX,1098
GNPX,1099
MOVE,1100
PAVM,1101
ORGS,1102
BDTX,1103
EUDA,1104
SELF,1105
HFBL,1106
RZLT,1107
KFFB,1108
ADAG,1109
BTBT,1110
INZY,1111
ASMB,1112
TEDU,1113
COSM,1114
BTB,1115
TLSA,1116
PLAG,1117
ADOC,1118
BOTJ,1119
BRLIU,1120
FATBP,1121
AXR,1122
IMPP,1123
SNCE,1124
GMGI,1125
OCFCP,1126
BEST,1127
LTRN,1128
PRTY,1129
AZYO,1130
CRWS,1131
BRDS,1132
PLX,1133
LINK,1134
ANGH,1135
HOWL,1136
UPTDU,1137
EIGR,1138
PMCB,1139
LYLT,1140
USEG,1141
OSS,1142
BMTX,1143
SCX,1144
MIRO,1145
CTM,1146
IPWR,1147
RAM,1148
RAMMU,1149
UPTD,1150
YQ,1151
FSEA,1152
IROQ,1153
TACT,1154
HVBC,1155
GEG,1156
SNCR,1157
HUDAU,1158
SEED,1159
ELBM,1160
AAOI,1161
DBTX,1162
CEI,1163
RCAT,1164
PXS,1165
RSSS,1166
RAIL,1167
GBNH,1168
CCM,1169
CSBR,1170
MYMD,1171
BAFN,1172
NA,1173
EYEN,1174
PDEX,1175
LIFE,1176
ATLCP,1177
ADVM,1178
CRDF,1179
JEWL,1180
TXMD,1181
BYFC,1182
USAP,1183
RVP,1184
VGZ,1185
VLNS,1186
ACBAU,1187
LJAQ,1188
LJAQU,1189
LOAN,1190
KSCP,1191
MGTA,1192
ACBA,1193
CGA,1194
CURI,1195
NCSM,1196
SSIC,1197
HMACU,1198
APTO,1199
JZ,1200
TMPO,1201
HYPR,1202
OCUP,1203
XLO,1204
POL,1205
QOMO,1206
AXLA,1207
FFBW,1208
BCLI,1209
HSON,1210
BCOW,1211
NEON,1212
GLG,1213
UPXI,1214
EMAN,1215
ELYM,1216
GALT,1217
ARKR,1218
GAN,1219
SPKAU,1220
ATIP,1221
DMTK,1222
HUIZ,1223
FTAIP,1224
KNW,1225
QUIK,1226
EMBK,1227
PASG,1228
GROV,1229
ASRV,1230
AKBA,1231
CLST,1232
ARMP,1233
LBPH,1234
SNTI,1235
AXDX,1236
LSBK,1237
VIRC,1238
ULBI,1239
STIX,1240
XTNT,1241
LUCD,1242
ATTO,1243
AIRT,1244
SCYX,1245
FRD,1246
MH-PA,1247
CLSD,1248
AQU,1249
LGVN,1250
MCAE,1251
APYX,1252
MCAEU,1253
EXPR,1254
SNAL,1255
TIL,1256
OTMO,1257
OMEX,1258
GMTX,1259
PRDS,1260
AIRG,1261
TOI,1262
DLA,1263
CIH,1264
PEI-PD,1265
MH-PC,1266
HOFV,1267
TCBC,1268
PEI-PB,1269
DS-PB,1270
NTZ,1271
INTZ,1272
IDR,1273
REFR,1274
PEI-PC,1275
EOSE,1276
MH-PD,1277
FBIO,1278
VIRX,1279
AQUNU,1280
DPSI,1281
RNLX,1282
RPID,1283
CODA,1284
FREQ,1285
PIRS,1286
ROOT,1287
ENOB,1288
SYRS,1289
FORA,1290
MCAFU,1291
WATT,1292
GIFI,1293
CKPT,1294
DLNG-PB,1295
HCWB,1296
LFMD,1297
ASPAU,1298
ATA,1299
ETON,1300
MCAF,1301
LIVE,1302
OESX,1303
PCTI,1304
DILAU,1305
ACACU,1306
DILA,1307
GDST,1308
ENLV,1309
PPIH,1310
GDSTU,1311
VTVT,1312
OWLT,1313
IREN,1314
FLXS,1315
LGHL,1316
PPHPU,1317
TAST,1318
PPHP,1319
PET,1320
VIOT,1321
CGTX,1322
CIZN,1323
TMQ,1324
NNBR,1325
MCHX,1326
GOODO,1327
GBRG,1328
DARE,1329
AIVI,1330
CODX,1331
BSGAU,1332
GBRGU,1333
HUDI,1334
BSGA,1335
SJ,1336
DUETU,1337
WEJO,1338
VBFC,1339
INOD,1340
CLNN,1341
PXLW,1342
TMDI,1343
SND,1344
BEDU,1345
KINZU,1346
ASM,1347
SUNW,1348
KINZ,1349
AUBN,1350
DS-PC,1351
HTIBP,1352
ACR,1353
BWACU,1354
BWAC,1355
CSSEP,1356
APPH,1357
FCAP,1358
VANI,1359
WFCF,1360
YGMZ,1361
BNED,1362
ELMD,1363
DECAU,1364
ORN,1365
ACU,1366
MNTS,1367
HTOO,1368
IPX,1369
RVPH,1370
AMAM,1371
ONDS,1372
FLUX,1373
EPOW,1374
WULF,1375
CGEN,1376
ATER,1377
SAI,1378
SEV,1379
ANEB,1380
STG,1381
CULL,1382
MNTX,1383
NRXP,1384
PNACU,1385
WIMI,1386
ATOS,1387
JOB,1388
AAIC,1389
HTIA,1390
AKU,1391
STRT,1392
CIDM,1393
BGXX,1394
INKT,1395
GSL-PB,1396
MLACU,1397
TSAT,1398
NM-PH,1399
VLTA,1400
BRAG,1401
AIMBU,1402
AIMAU,1403
PRT,1404
PNAC,1405
UBCP,1406
THM,1407
IOBT,1408
STCN,1409
PWFL,1410
SY,1411
HYFM,1412
GWII,1413
IMPL,1414
VIASP,1415
ALOT,1416
VACC,1417
FLNT,1418
SPRO,1419
ASXC,1420
MYNA,1421
SURG,1422
QUBT,1423
ASCA,1424
ARIZ,1425
HHS,1426
PRTG,1427
IMAQ,1428
ARIZU,1429
IMAQU,1430
BHM,1431
LYRA,1432
SOHOB,1433
MAQC,1434
ZEPP,1435
ENZ,1436
BCTX,1437
TENKU,1438
MGYR,1439
TENK,1440
MCAG,1441
KACLU,1442
HMAC,1443
EMCF,1444
MCAGU,1445
SPPI,1446
FLFVU,1447
ALTU,1448
DRRX,1449
VHC,1450
MAQCU,1451
SHIP,1452
DMS,1453
FIXX,1454
RTLPO,1455
VSTM,1456
BKSC,1457
TRX,1458
RDIB,1459
KXIN,1460
AREC,1461
PHUN,1462
LBBB,1463
LBBBU,1464
PCYG,1465
GTH,1466
DLNG,1467
KPLT,1468
AE,1469
EARN,1470
MOBVU,1471
NWTN,1472
PLSE,1473
SOHOO,1474
CPAQ,1475
SNDA,1476
CMT,1477
HGBL,1478
VNCE,1479
ANVS,1480
THTX,1481
EGLX,1482
DRIO,1483
HEXO,1484
MIMO,1485
RLMD,1486
LTCH,1487
BNIX,1488
MDV,1489
STRM,1490
FARM,1491
AFBI,1492
PED,1493
GLU-PB,1494
RDI,1495
LEE,1496
SOHON,1497
BGI,1498
FRGAP,1499
CLGN,1500
LAKE,1501
SMID,1502
SANG,1503
FTK,1504
LFT,1505
RBKB,1506
SRTS,1507
HBIO,1508
MAYS,1509
EMCGU,1510
AMSC,1511
EMCG,1512
MREO,1513
SOTK,1514
HMNF,1515
OLMA,1516
IKNA,1517
FLAG,1518
WRAP,1519
XBIT,1520
GMDA,1521
EYPT,1522
MNMD,1523
ISDR,1524
CAPR,1525
ATY,1526
ADN,1527
IGAC,1528
IGACU,1529
WTMAU,1530
WTMA,1531
CFFE,1532
LKCO,1533
ASTI,1534
CLRCU,1535
SLNG,1536
GSMG,1537
FATBB,1538
HYMC,1539
IFRX,1540
CNOBP,1541
AFARU,1542
SFBC,1543
XFOR,1544
TTCF,1545
ALZN,1546
FTHM,1547
USX,1548
GNSS,1549
VERY,1550
FGMCU,1551
LVTX,1552
FGMC,1553
CBAT,1554
MTBCP,1555
JG,1556
GNTA,1557
VOXR,1558
CVM,1559
LWAY,1560
SSBI,1561
CUE,1562
OPNT,1563
KACL,1564
HOUR,1565
DCOMP,1566
FAT,1567
GHM,1568
XOS,1569
SLGL,1570
HITI,1571
STTK,1572
VHAQ,1573
IH,1574
FSTR,1575
LOOP,1576
DAKT,1577
NYMTL,1578
PRTK,1579
FBIOP,1580
CTG,1581
ACNT,1582
SONX,1583
ARAV,1584
PROV,1585
STBX,1586
ONCY,1587
FXNC,1588
GIW,1589
MBINO,1590
TETEU,1591
USDP,1592
BCV-PA,1593
GIA,1594
UNB,1595
ALPP,1596
BITF,1597
STRC,1598
MDXH,1599
CTMX,1600
VBOC,1601
GASS,1602
VBOCU,1603
CENN,1604
ALLT,1605
SESN,1606
INTG,1607
PVL,1608
ACAC,1609
GDNR,1610
GDNRU,1611
YRD,1612
NVCT,1613
CDR-PB,1614
PCX,1615
PCXCU,1616
CLLS,1617
POET,1618
MYNZ,1619
INTT,1620
DECA,1621
PKBO,1622
SRL,1623
CBFV,1624
ACAXU,1625
SOLO,1626
HSAQ,1627
ACAX,1628
KRON,1629
AIP,1630
DAVE,1631
ASYS,1632
CLPR,1633
CDR-PC,1634
IMRA,1635
VATE,1636
GENQ,1637
GENQU,1638
NEOV,1639
ENCPU,1640
DUET,1641
PBHC,1642
BRID,1643
LVLU,1644
TALK,1645
AIBBU,1646
CMCT,1647
JFIN,1648
AIB,1649
CPS,1650
XYF,1651
LAB,1652
SCTL,1653
SMFR,1654
CPAQU,1655
MRAM,1656
CIA,1657
SBFG,1658
OSTR,1659
OSTRU,1660
RMBL,1661
SMSI,1662
GLYC,1663
DIT,1664
FINW,1665
MCACU,1666
MCAC,1667
FONR,1668
MSAC,1669
CDZI,1670
SLQT,1671
FATPU,1672
FATP,1673
PRAX,1674
BBAI,1675
NTIC,1676
CDXC,1677
GAU,1678
SUP,1679
HNRA,1680
VNRX,1681
CPHC,1682
CTRM,1683
PPTA,1684
TWND,1685
IDEX,1686
RGTI,1687
FUSN,1688
RRGB,1689
PTWOU,1690
ASTR,1691
ECF-PA,1692
INSG,1693
MSBIP,1694
HPX,1695
ITI,1696
UBFO,1697
TRHC,1698
QMCO,1699
USAS,1700
OPOF,1701
BWAQU,1702
AKLI,1703
FSTX,1704
CDRO,1705
MNK,1706
TRONU,1707
GGE,1708
PRQR,1709
NOTV,1710
CLSK,1711
CHMI,1712
MNOV,1713
LARK,1714
NAK,1715
OVBC,1716
ATHA,1717
PSNL,1718
ALTUU,1719
OMER,1720
LMB,1721
TSQ,1722
ARC,1723
BFIN,1724
SPRU,1725
AGBA,1726
MMLP,1727
GLST,1728
ESCA,1729
GLSTU,1730
SCOR,1731
RAAS,1732
PVBC,1733
TRON,1734
FUNC,1735
VRCA,1736
PYR,1737
EHTH,1738
WNW,1739
AVHIU,1740
AVHI,1741
CSSE,1742
PHX,1743
LIVBU,1744
LIVB,1745
QRHC,1746
OIIM,1747
HOLO,1748
ORIC,1749
CWBC,1750
FLFV,1751
RDW,1752
IMRX,1753
SGHL,1754
AGNCL,1755
OVID,1756
EML,1757
IGTAU,1758
BBIG,1759
IGTA,1760
MLVF,1761
RVLP,1762
GOODN,1763
VBIV,1764
AOMR,1765
ML,1766
FFNW,1767
BRACU,1768
BRAC,1769
FRAF,1770
MIST,1771
VSACU,1772
DTIL,1773
LIDR,1774
OTECU,1775
DBD,1776
IPA,1777
ANIX,1778
NRT,1779
MULN,1780
KOPN,1781
VSAC,1782
CRT,1783
SEVN,1784
IDBA,1785
CZWI,1786
AEHAU,1787
SNFCA,1788
LNKB,1789
MHH,1790
OTEC,1791
AOGO,1792
AOGOU,1793
AOUT,1794
HLGN,1795
HEAR,1796
XNET,1797
LITB,1798
BDSX,1799
AEHA,1800
SIGIP,1801
EBMT,1802
FXCO,1803
GSD,1804
GSDWU,1805
TWIN,1806
CAMP,1807
MITT,1808
MTNB,1809
YTRA,1810
BCAN,1811
JMAC,1812
JMACU,1813
INMB,1814
DOMA,1815
UXIN,1816
SEEL,1817
LTRPB,1818
UFI,1819
LTRPA,1820
PROF,1821
KORE,1822
REVEU,1823
ESEA,1824
ZIONO,1825
SHUA,1826
SHUAU,1827
BGSF,1828
REVE,1829
NGL,1830
OFED,1831
VOC,1832
DS-PD,1833
CMLS,1834
SACH,1835
TRVI,1836
EPIX,1837
PAYS,1838
BZFD,1839
ADTH,1840
UCL,1841
LAZY,1842
FNWB,1843
WEL,1844
TKNO,1845
CURO,1846
SOPH,1847
NGS,1848
DLNG-PA,1849
INTE,1850
INTEU,1851
WETG,1852
CLMB,1853
VFF,1854
FNGR,1855
GORO,1856
VRM,1857
REAL,1858
FEXDU,1859
BWAQ,1860
NBTX,1861
ADRA,1862
KALV,1863
RCMT,1864
RFACU,1865
HNVR,1866
LVAC,1867
LVACU,1868
ELA,1869
WPRT,1870
KULR,1871
YOTAU,1872
WINVU,1873
KRMD,1874
CNF,1875
TGVC,1876
TGVCU,1877
YOTA,1878
WINV,1879
OMIC,1880
RFAC,1881
LIAN,1882
WAVSU,1883
ISSC,1884
CHEA,1885
CHEAU,1886
GIACU,1887
GIAC,1888
TSHA,1889
JOAN,1890
MSSA,1891
MSSAU,1892
ECBK,1893
LINC,1894
AFAR,1895
ROCLU,1896
ROCL,1897
VRA,1898
NYMTM,1899
EDTXU,1900
MACA,1901
MACAU,1902
CMCL,1903
WAVS,1904
FNWD,1905
IVAC,1906
LANDO,1907
RDCM,1908
RWODU,1909
OXAC,1910
OXACU,1911
INKAU,1912
INKA,1913
RWOD,1914
ALSA,1915
ALSAU,1916
FCCO,1917
BMAQ,1918
BMAQU,1919
GLLI,1920
GLLIU,1921
CFBK,1922
GMFI,1923
GMFIU,1924
SAGA,1925
SAGAU,1926
ALYA,1927
RMBI,1928
MG,1929
CTGO,1930
ROCGU,1931
LIBYU,1932
ROCG,1933
PIAI,1934
MTRX,1935
SMAPU,1936
LIBY,1937
EVGR,1938
FTII,1939
SRT,1940
KYCHU,1941
KYCH,1942
TETE,1943
SMAP,1944
QIPT,1945
FTIIU,1946
MACK,1947
WSBCP,1948
REE,1949
PTWO,1950
APLD,1951
GLT,1952
PONOU,1953
FREE,1954
PONO,1955
EPSN,1956
FRBK,1957
ENCP,1958
AMTX,1959
EDTX,1960
AVAH,1961
HBANM,1962
MBINM,1963
STXS,1964
FAZE,1965
PKOH,1966
AGFS,1967
VXRT,1968
NYXH,1969
DKDCU,1970
FSFG,1971
EVOJ,1972
EVOJU,1973
DKDCA,1974
TNYA,1975
FRLA,1976
FRLAU,1977
FNCB,1978
PTRS,1979
MVO,1980
NUBI,1981
NUBIU,1982
MFIN,1983
CELC,1984
AUTL,1985
SGC,1986
NATR,1987
KMPH,1988
OHAAU,1989
OHAA,1990
SPOK,1991
OPAD,1992
BPYPO,1993
CRNT,1994
TOP,1995
RTLPP,1996
PNRG,1997
GENC,1998
TCRT,1999
FULTP,2000
TIG,2001
RVSB,2002
ACTG,2003
CCTSU,2004
CCTS,2005
PBPB,2006
FRBNU,2007
BSBK,2008
CONN,2009
HWBK,2010
LIONU,2011
LION,2012
LTRX,2013
MBINN,2014
YJ,2015
MBCN,2016
FCNCO,2017
EBACU,2018
EBAC,2019
CPSS,2020
HIVE,2021
SCMA,2022
GSQB,2023
MEOAU,2024
CTXR,2025
ARVL,2026
MEOA,2027
NBST,2028
NBSTU,2029
DLHC,2030
MKFG,2031
WMPN,2032
BSET,2033
PLG,2034
DMAQ,2035
BPYPN,2036
KNDI,2037
LRMR,2038
HURC,2039
CIFR,2040
JAKK,2041
MIXT,2042
GLSI,2043
VZLA,2044
SKYH,2045
CRMD,2046
TCBP,2047
ASUR,2048
AUBAP,2049
KLXE,2050
BATL,2051
YELL,2052
ATOM,2053
SVRA,2054
ELLO,2055
EFHT,2056
PEBK,2057
HMPT,2058
AJX,2059
ZTEK,2060
AFMD,2061
SGA,2062
MLP,2063
LBRDP,2064
GRCL,2065
IBER,2066
PRPH,2067
FET,2068
RCEL,2069
INVE,2070
GRNA,2071
URGN,2072
ANTX,2073
SB-PD,2074
CMRX,2075
PFMT,2076
MURFU,2077
GNFT,2078
SAL,2079
FRGI,2080
SB-PC,2081
GHL,2082
JATT,2083
MURF,2084
BLZE,2085
KFS,2086
XAIR,2087
OPBK,2088
OMEG,2089
RGF,2090
OPRT,2091
ASRT,2092
IPHA,2093
AGIL,2094
ADSE,2095
BLI,2096
CZOO,2097
SGIIU,2098
QUAD,2099
MAPS,2100
SGII,2101
MICT,2102
OVLY,2103
BEEM,2104
SKYX,2105
PRBM,2106
STRS,2107
ACIU,2108
SQNS,2109
GLTA,2110
CGNT,2111
FITBP,2112
DHC,2113
ARAY,2114
RCKY,2115
MHLD,2116
MRBK,2117
APMIU,2118
LCUT,2119
AIRS,2120
JWAC,2121
STIM,2122
OB,2123
CANG,2124
INFU,2125
APMI,2126
AMCI,2127
ERES,2128
PLBY,2129
EMP,2130
GRPH,2131
AMCIU,2132
TTSH,2133
IVA,2134
CCAIU,2135
ASPS,2136
CCAI,2137
CDLX,2138
ATXS,2139
SMLP,2140
PWOD,2141
MITA,2142
MITAU,2143
PLYM-PA,2144
ALPS,2145
VIA,2146
XERS,2147
LL,2148
ISPO,2149
HBB,2150
COFS,2151
OCAX,2152
OCAXU,2153
SPIR,2154
RIGL,2155
RACYU,2156
RACY,2157
KVHI,2158
CSLMU,2159
VABK,2160
ARYE,2161
GNUS,2162
IVVD,2163
ZOM,2164
AGS,2165
OLITU,2166
HIL,2167
ARYD,2168
CFFI,2169
LMST,2170
ENJ,2171
CATO,2172
TUP,2173
BLNGU,2174
ABGI,2175
ATAQ,2176
ALPAU,2177
BYRN,2178
ALPA,2179
HUT,2180
PRST,2181
CLOE,2182
KMDA,2183
BNNRU,2184
CLOEU,2185
ENO,2186
BNNR,2187
AKTS,2188
WILC,2189
OLIT,2190
CABA,2191
MPAA,2192
BLNG,2193
DCFC,2194
IMMP,2195
ROSEU,2196
ROSE,2197
JAQC,2198
JAQCU,2199
MRNS,2200
SELB,2201
CCLP,2202
CAAS,2203
HOFT,2204
TDUP,2205
NAUT,2206
EMX,2207
DNMR,2208
VBNK,2209
SDC,2210
TMC,2211
TELA,2212
LLAP,2213
DLTH,2214
AHT,2215
ATLO,2216
RCAC,2217
RCACU,2218
EVLO,2219
CALB,2220
EVBN,2221
INCR,2222
AACIU,2223
SAMA,2224
AACI,2225
SAMAU,2226
FITBO,2227
WNEB,2228
CPTN,2229
CHMG,2230
LCNB,2231
DIBS,2232
ATAK,2233
MHUA,2234
IXHL,2235
OPTN,2236
CSTE,2237
BVS,2238
ALCO,2239
BPRN,2240
GLDG,2241
ATCX,2242
BSAQ,2243
TBNK,2244
MNSB,2245
BMEA,2246
TERN,2247
AENZ,2248
UTI,2249
ARBE,2250
CLPT,2251
YMAB,2252
GFOR,2253
PLBC,2254
CLBR,2255
ODC,2256
LFCR,2257
DSP,2258
STKS,2259
POWW,2260
TCOA,2261
ISTR,2262
NGC,2263
XXII,2264
SCPH,2265
SPTK,2266
SPTKU,2267
PEPLU,2268
PEPL,2269
GRPN,2270
CELU,2271
KSICU,2272
OUST,2273
ITAQ,2274
TVC,2275
KSI,2276
SMHI,2277
ITAQU,2278
RGCO,2279
SUNL,2280
HFFG,2281
OTLK,2282
REAX,2283
MNTN,2284
BRIV,2285
BRIVU,2286
AXTI,2287
BGRY,2288
GPJA,2289
ESSA,2290
TWCB,2291
PRCH,2292
TROO,2293
NGVC,2294
GBBK,2295
TWCBU,2296
VAXX,2297
APN,2298
ISAA,2299
ARCKU,2300
APXI,2301
APXIU,2302
WLDN,2303
THRN,2304
RNERU,2305
THAC,2306
FNVT,2307
THACU,2308
OCUL,2309
ASAXU,2310
PRE,2311
ASAX,2312
FNVTU,2313
XOMA,2314
SZZL,2315
VOXX,2316
APCA,2317
LMNR,2318
SZZLU,2319
BWFG,2320
CVLY,2321
LSAK,2322
AKA,2323
OXUS,2324
OXUSU,2325
TPBAU,2326
DC,2327
BCOV,2328
BHFAM,2329
PRLD,2330
TCFC,2331
PBYI,2332
TPBA,2333
AXAC,2334
VYGR,2335
TCS,2336
LCTX,2337
PINE,2338
SWSS,2339
SWSSU,2340
LVOX,2341
VMCA,2342
THRX,2343
LVOXU,2344
SOUN,2345
ALTO,2346
MEACU,2347
RNER,2348
MEAC,2349
CNTY,2350
VMCAU,2351
ARCK,2352
TRUE,2353
UROY,2354
ALORU,2355
PNFPP,2356
CNCE,2357
FFIE,2358
JYNT,2359
MTA,2360
LOCL,2361
ALOR,2362
SKIL,2363
III,2364
GOSS,2365
PANL,2366
AREN,2367
EPM,2368
TCMD,2369
SIFY,2370
LSEA,2371
RLYB,2372
VWE,2373
BBBY,2374
QBTS,2375
USCB,2376
NKSH,2377
NECB,2378
KBAL,2379
OZKAP,2380
CHMI-PA,2381
CIAN,2382
BGFV,2383
CFFS,2384
CFFSU,2385
PANA,2386
CBAN,2387
RENT,2388
UONE,2389
ABOS,2390
PBAX,2391
PBAXU,2392
PDLB,2393
LHC-UN,2394
CIX,2395
UPLD,2396
KITT,2397
CCRD,2398
KLTR,2399
OSG,2400
LUNG,2401
CVCY,2402
GACQU,2403
CVGI,2404
CWCO,2405
GACQ,2406
VLDR,2407
BPT,2408
HQI,2409
SMLR,2410
BYNO,2411
BYNOU,2412
MOLN,2413
HEPS,2414
BSVN,2415
CTRN,2416
UONEK,2417
BOCN,2418
BOCNU,2419
EBON,2420
NVAC,2421
HMA,2422
PFSW,2423
BODY,2424
SSBK,2425
DHX,2426
ILPT,2427
JILL,2428
BCML,2429
PEAR,2430
ADAP,2431
NHIC,2432
NHICU,2433
LOCC,2434
VOR,2435
QD,2436
INBK,2437
NMG,2438
MSB,2439
HPLTU,2440
HPLT,2441
BGSX,2442
FICVU,2443
TOUR,2444
RAD,2445
SEDA,2446
WEYS,2447
FICV,2448
QFTA,2449
HNST,2450
CORR-PA,2451
FOSL,2452
PKBK,2453
CHMI-PB,2454
ORIA,2455
ORIAU,2456
LE,2457
OPA,2458
TBSA,2459
OCN,2460
TBSAU,2461
BWMX,2462
ARTE,2463
ARTEU,2464
VUZI,2465
APEI,2466
ZIMV,2467
DALS,2468
NDLS,2469
BWMN,2470
GCT,2471
APAC,2472
APACU,2473
GTACU,2474
PRLH,2475
PRLHU,2476
MLAIU,2477
ATAKU,2478
MLAI,2479
NEN,2480
GTAC,2481
OPFI,2482
VHNAU,2483
CRZN,2484
VHNA,2485
CRZNU,2486
GVCIU,2487
EEX,2488
ANNX,2489
FTAAU,2490
CENQU,2491
ASCBU,2492
ASCB,2493
GEEX,2494
CENQ,2495
EP,2496
IVCBU,2497
SMIHU,2498
BITE,2499
FHLTU,2500
SMIH,2501
ABSI,2502
GEEXU,2503
GVCI,2504
EMLD,2505
EMLDU,2506
IQMDU,2507
PHYT,2508
FRGE,2509
FENC,2510
FGBI,2511
WQGA,2512
GHAC,2513
KNTE,2514
GNE,2515
GHACU,2516
DLCAU,2517
DLCA,2518
BRBS,2519
ENERU,2520
AVACU,2521
RLGT,2522
ENER,2523
TCBX,2524
NREF,2525
PCYO,2526
BKSY,2527
PDSB,2528
IMMR,2529
FHLT,2530
ACRV,2531
MUX,2532
CRD-A,2533
CRD-B,2534
IQMD,2535
AVAC,2536
URG,2537
FSBW,2538
CASA,2539
CDAQ,2540
PKE,2541
SKGRU,2542
MEC,2543
SKGR,2544
SHAP,2545
FDBC,2546
RAIN,2547
DRTS,2548
OBT,2549
GLRE,2550
SPNE,2551
TRCA,2552
WAVC,2553
ADCT,2554
IFIN,2555
WW,2556
NATH,2557
AMV,2558
FVCB,2559
FLL,2560
FRBA,2561
NWFL,2562
VCXAU,2563
PCB,2564
VCXA,2565
ROCAU,2566
MGTX,2567
ROC,2568
SABRP,2569
KRT,2570
BBLN,2571
XPAXU,2572
HOV,2573
CREC,2574
CTV,2575
TGAA,2576
TGAAU,2577
CRECU,2578
XPAX,2579
VMD,2580
CMAX,2581
HAIAU,2582
MYFW,2583
TWOA,2584
DBVT,2585
ORRF,2586
FZT,2587
GRVY,2588
EGAN,2589
EQHA,2590
GLHAU,2591
SKYAU,2592
GLHA,2593
SKYA,2594
CTLP,2595
FRSG,2596
FRSGU,2597
EGGF,2598
BARK,2599
KPTI,2600
FHTX,2601
GIWWU,2602
SHQAU,2603
TSBK,2604
SHQA,2605
GPP,2606
PLM,2607
RNGR,2608
RJAC,2609
ITIC,2610
AMPY,2611
FTCI,2612
REFI,2613
EVI,2614
ATNM,2615
AFAQ,2616
TLYS,2617
ARBG,2618
AFAQU,2619
RIDE,2620
UP,2621
VKTX,2622
MASS,2623
ALPN,2624
UNTY,2625
FULC,2626
EGIO,2627
IVCP,2628
IVCPU,2629
TREE,2630
HUMA,2631
AHT-PH,2632
TYRA,2633
HWKZ,2634
CPLP,2635
OSI,2636
GBIO,2637
AHT-PI,2638
MVBF,2639
LHAA,2640
BHAC,2641
BHACU,2642
BNR,2643
PGSS,2644
BIOTU,2645
TGAN,2646
VLAT,2647
LDHAU,2648
VLATU,2649
BHR,2650
BIOT,2651
LDHA,2652
VELOU,2653
VII,2654
SHCAU,2655
VIIAU,2656
ITQRU,2657
VELO,2658
RM,2659
ITQ,2660
IXAQ,2661
IXAQU,2662
LCW,2663
GNAC,2664
GNACU,2665
SHCA,2666
TRIS,2667
BRD,2668
PORT,2669
WWACU,2670
NC,2671
HLLY,2672
KNSW,2673
TLGYU,2674
VMGAU,2675
NINE,2676
VMGA,2677
WWAC,2678
XFINU,2679
UEIC,2680
DAOO,2681
DAOOU,2682
MPRA,2683
MPRAU,2684
OGI,2685
BLDE,2686
ACB,2687
FIAC,2688
FIACU,2689
GATO,2690
AEAE,2691
OPT,2692
AEAEU,2693
ZVIA,2694
UTAA,2695
UTAAU,2696
XFIN,2697
PARAP,2698
SILC,2699
BPACU,2700
KAIIU,2701
BPAC,2702
CMCAU,2703
RENEU,2704
SCUA,2705
KAII,2706
DTRT,2707
CBRG,2708
TLGY,2709
HRTX,2710
WEAV,2711
CMCA,2712
DPCSU,2713
CBRGU,2714
DPCS,2715
PCCT,2716
RCFA,2717
RENE,2718
SVNA,2719
KODK,2720
DSAQ,2721
TGR,2722
WRAC,2723
ARLO,2724
WNNR,2725
GAQ,2726
YI,2727
VERI,2728
NODK,2729
BTWNU,2730
CZFS,2731
FRON,2732
USCTU,2733
AHT-PF,2734
BTWN,2735
WRN,2736
FRONU,2737
CORS,2738
MEKA,2739
TOACU,2740
USCT,2741
CITEU,2742
CITE,2743
PLAOU,2744
AKIC,2745
AKICU,2746
PLAO,2747
TOAC,2748
SOND,2749
BWCAU,2750
PCSB,2751
SVFB,2752
SPRY,2753
MCAAU,2754
THCPU,2755
FRST,2756
MCAA,2757
OCFT,2758
OYST,2759
CFFEU,2760
TNP-PF,2761
BWC,2762
THCP,2763
BIOS,2764
BIOSU,2765
DTRTU,2766
BTMD,2767
SMTI,2768
UIS,2769
TNP-PD,2770
HZON,2771
TUSK,2772
LOVE,2773
DMYS,2774
QUOT,2775
AEACU,2776
TNP-PE,2777
SOL,2778
AZRE,2779
CNGLU,2780
PNTG,2781
AEAC,2782
FSP,2783
FPH,2784
CNGL,2785
PBFS,2786
CLAR,2787
NRAC,2788
NRACU,2789
LMDX,2790
AFRI,2791
PHVS,2792
RBOT,2793
HCI,2794
BZUN,2795
QSI,2796
LUNA,2797
STET,2798
FIP,2799
AHT-PG,2800
OPRX,2801
HWEL,2802
UVE,2803
ADAL,2804
ADALU,2805
BLND,2806
HWELU,2807
VIEW,2808
SVII,2809
OMGA,2810
INAQ,2811
HNRG,2812
QIWI,2813
SLVR,2814
SCAQU,2815
DSX-PB,2816
GWRS,2817
WKHS,2818
SCAQ,2819
AFTR,2820
ODV,2821
SLVRU,2822
MTAC,2823
JGGC,2824
JGGCU,2825
CYD,2826
VLGEA,2827
EM,2828
CVRX,2829
NRDY,2830
AHT-PD,2831
GILT,2832
WVE,2833
MON,2834
MONCU,2835
NN,2836
MLR,2837
DSX,2838
HCII,2839
HCIIU,2840
CLINU,2841
NRIM,2842
MITT-PB,2843
NPABU,2844
CLIN,2845
LOKM,2846
NPAB,2847
BYN,2848
BCBP,2849
RCLF,2850
RCLFU,2851
VEL,2852
NVEC,2853
VSTA,2854
GAMB,2855
FBIZ,2856
DNAB,2857
IMAB,2858
LGO,2859
FXLV,2860
DNAD,2861
STOK,2862
FLYA,2863
BHR-PB,2864
AADI,2865
INSE,2866
ACNB,2867
GOCO,2868
VPCBU,2869
PRTS,2870
GCI,2871
VPCB,2872
SBT,2873
GGAAU,2874
PMTS,2875
GTHX,2876
SUPV,2877
PFTA,2878
PFTAU,2879
PETQ,2880
GGAA,2881
VLD,2882
GFGD,2883
GFGDU,2884
CLAS,2885
HLAH,2886
HLAHU,2887
GRTS,2888
NCZ-PA,2889
LYTS,2890
ORMP,2891
LPTV,2892
PCCTU,2893
TLS,2894
POWRU,2895
PEGRU,2896
HIPO,2897
AGNCO,2898
CURV,2899
POW,2900
ACAQ,2901
PEGR,2902
IOAC,2903
IOACU,2904
BLBD,2905
LFAC,2906
MTAL,2907
DESP,2908
MTW,2909
LFACU,2910
PUCK,2911
PUCKU,2912
PEPG,2913
ATRO,2914
BOOM,2915
IVCA,2916
IVCAU,2917
DOUG,2918
SPCM,2919
AFCG,2920
SPCMU,2921
KNOP,2922
BSRR,2923
SMMF,2924
IPVF,2925
PGEN,2926
NCAC,2927
NCACU,2928
CNTA,2929
RKTA,2930
MITT-PA,2931
FOA,2932
AEVA,2933
BLUA,2934
SB,2935
ONYXU,2936
ESQ,2937
RMNI,2938
ONYX,2939
LVRAU,2940
FNLC,2941
GBLI,2942
LVRA,2943
ADEX,2944
RXST,2945
FTPA,2946
FTPAU,2947
POND,2948
HBCP,2949
GPMT,2950
BACA,2951
SLNA,2952
CBAY,2953
LX,2954
GTE,2955
RDVT,2956
IIIIU,2957
GTPA,2958
CBNK,2959
IIII,2960
FTAA,2961
FTVIU,2962
ADER,2963
BHR-PD,2964
PMGMU,2965
FTEV,2966
FTVI,2967
JUGGU,2968
PMGM,2969
BHG,2970
JUGG,2971
DISA,2972
NWPX,2973
BLEU,2974
BLEUU,2975
PICC,2976
DISAU,2977
ADERU,2978
CNDA,2979
NVSA,2980
NVSAU,2981
MDH,2982
IRAA,2983
IRAAU,2984
EAC,2985
EACPU,2986
KAIR,2987
KAIRU,2988
AURCU,2989
TCX,2990
CPTK,2991
DZSI,2992
PSTL,2993
EPWR,2994
OCGN,2995
NL,2996
PACI,2997
AURC,2998
TMKR,2999
HROW,3000
BMAC,3001
TMKRU,3002
BLFY,3003
GNE-PA,3004
KCGI,3005
NETC,3006
NFNT,3007
NGMS,3008
ORC,3009
EVE,3010
GGMCU,3011
CHSCP,3012
STRE,3013
GGMC,3014
GRWG,3015
FWAC,3016
ORGO,3017
GAMC,3018
CYXT,3019
ATEK,3020
ESACU,3021
ESAC,3022
AVNW,3023
MDXG,3024
SKLZ,3025
CIO-PA,3026
WLFC,3027
CRGE,3028
OZ,3029
UTMD,3030
ICVX,3031
WPCA,3032
LGVCU,3033
FCUV,3034
NSTG,3035
LGVC,3036
GROY,3037
NKTX,3038
CIVB,3039
BNFT,3040
OOMA,3041
ARRW,3042
ARRWU,3043
CMTL,3044
DNZ,3045
RELL,3046
HUGS,3047
FLME,3048
LCAAU,3049
FATH,3050
LCAA,3051
XPDB,3052
XPDBU,3053
SPWH,3054
IRMD,3055
SPKBU,3056
APTM,3057
APTMU,3058
CIIG,3059
IPVI,3060
TZPS,3061
TZPSU,3062
AMPI,3063
CIIGU,3064
IPVIU,3065
KLAQ,3066
KLAQU,3067
SPKB,3068
ALDX,3069
LGTOU,3070
GAMCU,3071
LGTO,3072
NR,3073
HBANP,3074
DRAY,3075
CXAC,3076
BBCP,3077
HORIU,3078
DRAYU,3079
GLOP,3080
TPB,3081
ZEUS,3082
HORI,3083
AVIR,3084
CIO,3085
TGB,3086
SPLP-PA,3087
NETI,3088
PWUP,3089
MCBC,3090
ARDX,3091
PWUPU,3092
CZNC,3093
CDXS,3094
GOGN,3095
SWIM,3096
WSBF,3097
CMPO,3098
FG,3099
FISI,3100
SATL,3101
GXII,3102
GXIIU,3103
DSKE,3104
DJCO,3105
LANDM,3106
ONTF,3107
BIVI,3108
NEWP,3109
COOK,3110
FF,3111
NOA,3112
CHAA,3113
PSAG,3114
PSAGU,3115
SFST,3116
MBSC,3117
GPAC,3118
GPACU,3119
ACABU,3120
HMLP-PA,3121
JUN,3122
SIER,3123
SIERU,3124
DTC,3125
NBN,3126
ACAB,3127
CSV,3128
KOD,3129
AHRNU,3130
SCWO,3131
PPYA,3132
LXFR,3133
AAN,3134
OSUR,3135
PPYAU,3136
AHRN,3137
FSRX,3138
AMNB,3139
BBW,3140
FSRXU,3141
CSTR,3142
PFIS,3143
KRNLU,3144
KRNL,3145
IIVIP,3146
MPX,3147
PTGX,3148
ACDI,3149
GHG,3150
ESM,3151
TG,3152
FMAO,3153
BHFAO,3154
SHBI,3155
HTBI,3156
LEV,3157
TPC,3158
MGNX,3159
DHCA,3160
DHCAU,3161
SEER,3162
AGGRU,3163
BRKH,3164
ATRA,3165
AGGR,3166
EVER,3167
ARL,3168
GWH,3169
ZYME,3170
IGIC,3171
DXLG,3172
BRKHU,3173
CSTA,3174
ARGUU,3175
ARGU,3176
BRT,3177
VECT,3178
FEAM,3179
RBT,3180
ENTFU,3181
ENTF,3182
HCNE,3183
HCNEU,3184
NUVB,3185
WTBA,3186
JMIA,3187
RGC,3188
COVA,3189
COVAU,3190
TCI,3191
GSRMU,3192
PFHD,3193
EOLS,3194
ESPR,3195
GSRM,3196
PETS,3197
SDAC,3198
SDACU,3199
ANAC,3200
HCMAU,3201
HCMA,3202
LOCO,3203
ATLC,3204
GRIN,3205
METC,3206
BKKT,3207
SKYT,3208
EGRX,3209
TARS,3210
CO,3211
LXRX,3212
PLMIU,3213
CCCC,3214
PLMI,3215
DCRDU,3216
DCRD,3217
REI,3218
GMRE-PA,3219
CVEO,3220
JMSB,3221
TSP,3222
OFIX,3223
RRBI,3224
EDAP,3225
RANI,3226
ALTG,3227
PRTH,3228
CISO,3229
PFDR,3230
LEGA,3231
LEGAU,3232
LQDA,3233
FANH,3234
FACA,3235
CPSI,3236
GHI,3237
PRSR,3238
PRSRU,3239
IPAXU,3240
MX,3241
IPAX,3242
CLAA,3243
GOEV,3244
DTOCU,3245
GATE,3246
DTOC,3247
GATEU,3248
DOYU,3249
NIU,3250
GSQD,3251
HYZN,3252
HCAR,3253
HCARU,3254
APEN,3255
BYTSU,3256
BZH,3257
BYTS,3258
XPER,3259
RSVR,3260
FLIC,3261
PHAT,3262
RBB,3263
ECCX,3264
CTO,3265
FLJ,3266
CAN,3267
WRLD,3268
LITTU,3269
SSTI,3270
VCXB,3271
LITT,3272
BCSA,3273
BCSAU,3274
GNTY,3275
BELFA,3276
BELFB,3277
SUAC,3278
SWBI,3279
BHFAN,3280
SLDP,3281
BPYPM,3282
ABUS,3283
NRGV,3284
CHSCN,3285
ACRO,3286
WISH,3287
SGU,3288
EBTC,3289
MBINP,3290
GFX,3291
CECO,3292
FMIVU,3293
TRTL,3294
ZT,3295
ZTAQU,3296
CMPS,3297
PLPC,3298
PLCE,3299
ACAH,3300
ACAHU,3301
NFYS,3302
FMIV,3303
PTOC,3304
DMRC,3305
GIIX,3306
GIIXU,3307
PTOCU,3308
PACK,3309
API,3310
STRO,3311
GLBL,3312
GLBLU,3313
ALBO,3314
FACT,3315
DHHCU,3316
SLAC,3317
BCAB,3318
VERU,3319
HCIC,3320
HCICU,3321
JCIC,3322
SIRE,3323
SFIX,3324
DHHC,3325
MTVC,3326
COLI,3327
COLIU,3328
JCICU,3329
TIOA,3330
TIOAU,3331
TWNI,3332
OIS,3333
LAW,3334
RXRA,3335
ETNB,3336
RXRAU,3337
SPGS,3338
BRLT,3339
BH,3340
ROSS,3341
SCOB,3342
SCOBU,3343
AURA,3344
SKE,3345
FRXB,3346
RONI,3347
ZUMZ,3348
CARE,3349
CNDB,3350
SIBN,3351
PSPC,3352
OABI,3353
OPY,3354
LEGH,3355
BFAC,3356
NGM,3357
BIRD,3358
POWL,3359
CPAAU,3360
CPAA,3361
BH-A,3362
TWLV,3363
IVCB,3364
MVIS,3365
GLDD,3366
ICNC,3367
VIGL,3368
PMVP,3369
PCPC,3370
PGY,3371
SRRK,3372
EVLV,3373
LIND,3374
ANIK,3375
HCVI,3376
AGNCP,3377
HCVIU,3378
AXGN,3379
CPARU,3380
CPAR,3381
GLUE,3382
BW,3383
SMBC,3384
IVR,3385
KVSA,3386
SLGC,3387
TK,3388
SOI,3389
IPI,3390
FUBO,3391
DDI,3392
ACET,3393
ALXO,3394
HT,3395
EVC,3396
SMWB,3397
QRTEP,3398
LQDT,3399
MITK,3400
TTI,3401
AMYT,3402
HLVX,3403
ITRN,3404
DGICA,3405
DGICB,3406
TSVT,3407
INO,3408
ALRS,3409
GEVO,3410
CPAC,3411
FSBC,3412
TPIC,3413
MCFT,3414
BHB,3415
EZPW,3416
EGY,3417
FNKO,3418
MESO,3419
SMRT,3420
RWAY,3421
LHC,3422
CRMT,3423
AMRN,3424
AGX,3425
NAACU,3426
AMSWA,3427
AKYA,3428
NAAC,3429
HY,3430
VLN,3431
SMBK,3432
PRPL,3433
TETCU,3434
INGN,3435
TETC,3436
BVH,3437
WSR,3438
UMH-PD,3439
OSPN,3440
LND,3441
GTX,3442
BIG,3443
VALU,3444
IBEX,3445
NPK,3446
AVDL,3447
MCS,3448
ANGO,3449
IBCP,3450
MOV,3451
ONEW,3452
LGST,3453
LGSTU,3454
SPFI,3455
CHSCM,3456
KZR,3457
FMNB,3458
VTNR,3459
LEU,3460
SCLX,3461
DM,3462
SENEA,3463
SENEB,3464
DSGN,3465
CRBU,3466
MBAC,3467
TRVG,3468
IPSC,3469
HLTH,3470
TNP,3471
RBCP,3472
ARCT,3473
HDSN,3474
HYLN,3475
HVT,3476
NSTD,3477
NSTC,3478
COOL,3479
DXPE,3480
NSTB,3481
SNRHU,3482
CYH,3483
MYPS,3484
TLGA,3485
BFLY,3486
COOLU,3487
SNRH,3488
BWB,3489
FCAX,3490
AAQC,3491
CNSL,3492
TRC,3493
OLP,3494
BHIL,3495
RBBN,3496
LILM,3497
OSCR,3498
PACXU,3499
QTRX,3500
PACX,3501
ACHR,3502
MPB,3503
HVT-A,3504
CVLG,3505
NNOX,3506
TCVA,3507
ZYXI,3508
EWTX,3509
PDOT,3510
EPHY,3511
EPHYU,3512
ATAI,3513
LASR,3514
NKTR,3515
CCNE,3516
BMRC,3517
BRMK,3518
TRMR,3519
HMST,3520
MLTX,3521
AVEO,3522
AIRTP,3523
ARTNA,3524
SVM,3525
AGAC,3526
CTAQU,3527
IIIN,3528
CTAQ,3529
AMRS,3530
ABST,3531
HSC,3532
ASC,3533
AORT,3534
HHLA,3535
JOFF,3536
JOFFU,3537
FINMU,3538
MBWM,3539
DOMO,3540
BKD,3541
FINM,3542
THCH,3543
SRDX,3544
ONL,3545
EGHT,3546
SCWX,3547
LDI,3548
MMAT,3549
SRNE,3550
TBCPU,3551
CALT,3552
ACCO,3553
JANX,3554
GHRS,3555
ANZUU,3556
DGNU,3557
ANZU,3558
TRAQ,3559
MOFG,3560
TBCP,3561
CPF,3562
CINC,3563
CLOV,3564
REX,3565
ALT,3566
ZFOX,3567
PAHC,3568
CCO,3569
VPG,3570
BTAI,3571
YTPG,3572
SJT,3573
TIPT,3574
CHUY,3575
CIR,3576
PV,3577
RUTH,3578
GOL,3579
CCBG,3580
CHSCL,3581
CGEM,3582
SOHU,3583
FLWS,3584
PSTX,3585
SLN,3586
EQBK,3587
MARA,3588
FRPH,3589
NRP,3590
SST,3591
SENS,3592
HSII,3593
EH,3594
PRPC,3595
THFF,3596
GCO,3597
AROW,3598
MCBS,3599
VERA,3600
CHSCO,3601
CMBM,3602
NVTA,3603
GRRR,3604
MOR,3605
ZINGU,3606
RYAM,3607
GOTU,3608
VAQC,3609
CMPX,3610
HBT,3611
ZING,3612
EXAI,3613
OBE,3614
ACMR,3615
MXCT,3616
RDFN,3617
AUDC,3618
GTPBU,3619
GTPB,3620
SGMO,3621
MVST,3622
NESR,3623
CSII,3624
AGCB,3625
BFST,3626
GGN-PB,3627
TSPQ,3628
HT-PD,3629
LBC,3630
SIGA,3631
NRIX,3632
GGT-PE,3633
CMRE-PE,3634
HT-PE,3635
CHRS,3636
TRNS,3637
VSEC,3638
REPX,3639
YALA,3640
NTGR,3641
BRY,3642
MTLS,3643
FCBC,3644
FFIC,3645
SNPO,3646
NEGG,3647
SI,3648
EBS,3649
RERE,3650
DCO,3651
CMRE-PD,3652
DRD,3653
KE,3654
AMPX,3655
HT-PC,3656
DENN,3657
KAMN,3658
EBF,3659
AMOT,3660
